id,statsYear,playerName,gamesPlayed,minutesPerGame,pointsPerGame,reboundsPerGame,assistsPerGame,blocksPerGame,stealsPerGame
1,2024,Luka Doncic,70,37.5,33.9,9.2,9.8,0.5,1.4
2,2024,Giannis Antetokounmpo,73,35.2,30.4,11.5,6.5,1.1,1.2
3,2024,Shai Gilgeous-Alexander,75,34.0,30.1,5.5,6.2,0.9,2.0
4,2024,Jalen Brunson,77,35.4,28.7,3.6,6.7,0.2,0.9
5,2024,Kevin Durant,75,37.2,27.1,6.6,5.0,1.2,0.9
6,2024,Devin Booker,68,36.0,27.1,4.5,6.9,0.4,0.9
7,2024,Jayson Tatum,74,35.7,26.9,8.1,4.9,0.6,1.0
8,2024,De'Aaron Fox,74,35.9,26.6,4.6,5.6,0.4,2.0
9,2024,Stephen Curry,74,32.7,26.4,4.5,5.1,0.4,0.7
10,2024,Nikola Jokic,79,34.6,26.4,12.4,9.0,0.9,1.4
11,2024,Tyrese Maxey,70,37.5,25.9,3.7,6.2,0.5,1.0
12,2024,Anthony Edwards,79,35.1,25.9,5.4,5.1,0.5,1.3
13,2024,LeBron James,71,35.3,25.7,7.3,8.3,0.5,1.3
14,2024,Kyrie Irving,58,35.0,25.6,5.0,5.2,0.5,1.3
15,2024,Anthony Davis,76,35.5,24.7,12.6,3.5,2.3,1.2
16,2024,Damian Lillard,73,35.3,24.3,4.4,7.0,0.2,1.0
17,2024,DeMar DeRozan,79,37.8,24.0,4.3,5.3,0.6,1.1
18,2024,Kawhi Leonard,68,34.3,23.7,6.1,3.6,0.9,1.6
19,2024,Jaylen Brown,70,33.5,23.0,5.5,3.6,0.5,1.2
20,2024,Zion Williamson,70,31.5,22.9,5.8,5.0,0.7,1.1
21,2024,Cade Cunningham,62,33.5,22.7,4.3,7.5,0.4,0.9
22,2024,Paul George,74,33.8,22.6,5.2,3.5,0.5,1.5
23,2024,Paolo Banchero,80,35.0,22.6,6.9,5.4,0.6,0.9
24,2024,Jaren Jackson Jr.,66,32.2,22.5,5.5,2.3,1.6,1.2
25,2024,Dejounte Murray,78,35.7,22.5,5.3,6.4,0.3,1.4
26,2024,Cam Thomas,66,31.4,22.5,3.2,2.9,0.2,0.7
27,2024,Kyle Kuzma,70,32.6,22.2,6.6,4.2,0.7,0.5
28,2024,Karl-Anthony Towns,62,32.7,21.8,8.3,3.0,0.7,0.7
29,2024,Pascal Siakam,80,33.2,21.7,7.1,4.3,0.3,0.8
30,2024,Victor Wembanyama,71,29.7,21.4,10.6,3.9,3.6,1.2
31,2024,Jamal Murray,59,31.5,21.2,4.1,6.5,0.7,1.0
32,2024,Alperen Sengun,63,32.5,21.1,9.3,5.0,0.7,1.2
33,2024,Miles Bridges,69,37.4,21.0,7.3,3.3,0.5,0.9
34,2024,Brandon Ingram,64,32.9,20.8,5.1,5.7,0.6,0.8
35,2024,Jimmy Butler III,60,34.0,20.8,5.3,5.0,0.3,1.3
36,2024,RJ Barrett,58,31.7,20.2,5.4,3.3,0.4,0.5
37,2024,Tyrese Haliburton,69,32.2,20.1,3.9,10.9,0.7,1.2
38,2024,CJ McCollum,66,32.7,20.0,4.3,4.6,0.6,0.9
39,2024,Scottie Barnes,60,34.9,19.9,8.2,6.1,1.5,1.3
40,2024,Terry Rozier,61,33.4,19.8,4.0,5.6,0.3,1.0
41,2024,Franz Wagner,72,32.5,19.7,5.3,3.7,0.4,1.1
42,2024,Jalen Green,82,31.7,19.6,5.2,3.5,0.3,0.8
43,2024,Mikal Bridges,82,34.8,19.6,4.5,3.6,0.4,1.0
44,2024,Devin Vassell,68,33.1,19.5,3.8,4.1,0.3,1.1
45,2024,Domantas Sabonis,82,35.7,19.4,13.7,8.2,0.6,0.9
46,2024,Bam Adebayo,71,34.0,19.3,10.4,3.9,0.9,1.1
47,2024,Coby White,79,36.5,19.1,4.5,5.1,0.2,0.7
48,2024,Jalen Williams,71,31.3,19.1,4.0,4.5,0.6,1.1
49,2024,Collin Sexton,78,26.6,18.7,2.6,4.9,0.2,0.8
50,2024,Nikola Vucevic,76,34.3,18.0,10.5,3.3,0.8,0.7
51,2024,D'Angelo Russell,76,32.7,18.0,3.1,6.3,0.5,0.9
52,2024,Klay Thompson,77,29.7,17.9,3.3,2.3,0.5,0.6
53,2024,Fred VanVleet,73,36.8,17.4,3.8,8.1,0.8,1.4
54,2024,Jordan Poole,78,30.1,17.4,2.7,4.4,0.3,1.1
55,2024,Brandon Miller,74,32.2,17.3,4.3,2.4,0.6,0.9
56,2024,Tobias Harris,70,33.8,17.2,6.5,3.1,0.7,1.0
57,2024,Myles Turner,77,27.0,17.1,6.9,1.3,1.9,0.5
58,2024,Immanuel Quickley,68,29.2,17.0,3.8,4.9,0.1,0.7
59,2024,Bogdan Bogdanovic,79,30.4,16.9,3.4,3.1,0.3,1.2
60,2024,Michael Porter Jr.,81,31.7,16.7,7.0,1.5,0.7,0.5
61,2024,James Harden,72,34.3,16.6,5.1,8.5,0.8,1.1
62,2024,Chet Holmgren,82,29.4,16.5,7.9,2.4,2.3,0.6
63,2024,Jarrett Allen,77,31.7,16.5,10.5,2.7,1.1,0.7
64,2024,Jonathan Kuminga,74,26.4,16.1,4.8,2.2,0.5,0.7
65,2024,Austin Reaves,82,32.1,15.9,4.3,5.5,0.3,0.8
66,2024,Keldon Johnson,69,29.5,15.7,5.5,2.8,0.3,0.7
67,2024,Donte DiVincenzo,81,29.1,15.5,3.7,2.7,0.4,1.3
68,2024,Kelly Oubre Jr.,68,30.2,15.4,5.0,1.5,0.7,1.1
69,2024,Malik Monk,72,26.0,15.4,2.9,5.1,0.5,0.6
70,2024,Jaden Ivey,77,28.8,15.4,3.4,3.8,0.5,0.7
71,2024,Keegan Murray,77,33.6,15.2,5.5,1.7,0.8,1.0
72,2024,Derrick White,73,32.6,15.2,4.2,5.2,1.2,1.0
73,2024,John Collins,68,28.0,15.1,8.5,1.1,0.9,0.6
74,2024,Deni Avdija,75,30.1,14.7,7.2,3.8,0.5,0.8
75,2024,Bennedict Mathurin,59,26.1,14.5,4.0,2.0,0.2,0.6
76,2024,Tim Hardaway Jr.,79,26.8,14.4,3.2,1.8,0.1,0.5
77,2024,Dennis Schroder,80,31.1,14.0,3.0,6.1,0.2,0.8
78,2024,Caris LeVert,68,28.8,14.0,4.1,5.1,0.5,1.1
79,2024,Scoot Henderson,62,28.5,14.0,3.1,5.4,0.2,0.8
80,2024,Rudy Gobert,76,34.1,14.0,12.9,1.3,2.1,0.7
81,2024,Norman Powell,76,26.2,13.9,2.6,1.1,0.3,0.6
82,2024,Aaron Gordon,73,31.5,13.9,6.5,3.5,0.6,0.8
83,2024,Jalen Duren,61,29.1,13.8,11.6,2.4,0.8,0.5
84,2024,Bobby Portis,82,24.5,13.8,7.4,1.3,0.4,0.8
85,2024,Jabari Smith Jr.,76,31.9,13.7,8.1,1.6,0.8,0.7
86,2024,Gary Trent Jr.,71,28.1,13.7,2.6,1.7,0.1,1.1
87,2024,Saddiq Bey,63,32.7,13.7,6.5,1.5,0.2,0.8
88,2024,Rui Hachimura,68,26.8,13.6,4.3,1.2,0.4,0.6
89,2024,Grayson Allen,75,33.5,13.5,3.9,3.0,0.6,0.9
90,2024,Naz Reid,81,24.2,13.5,5.2,1.3,0.9,0.8
91,2024,Cameron Johnson,58,27.6,13.4,4.3,2.4,0.3,0.8
92,2024,Corey Kispert,80,25.8,13.4,2.8,2.0,0.2,0.5
93,2024,Andrew Wiggins,71,27.0,13.2,4.5,1.7,0.6,0.6
94,2024,Keyonte George,75,27.0,13.0,2.8,4.4,0.1,0.5
95,2024,Duncan Robinson,68,28.0,12.9,2.5,2.8,0.2,0.7
96,2024,P.J. Washington,73,30.4,12.9,5.6,1.9,0.8,1.0
97,2024,Dillon Brooks,72,30.9,12.7,3.4,1.7,0.1,0.9
98,2024,Jalen Suggs,75,27.0,12.6,3.1,2.7,0.6,1.4
99,2024,Brook Lopez,79,30.5,12.5,5.2,1.6,2.4,0.5
100,2024,Jrue Holiday,69,32.8,12.5,5.4,4.8,0.8,0.9
101,2024,Josh Giddey,80,25.2,12.3,6.4,4.8,0.6,0.7
102,2024,Jonas Valanciunas,82,23.5,12.2,8.8,2.1,0.8,0.4
103,2024,Harrison Barnes,82,29.0,12.2,3.0,1.2,0.1,0.7
104,2024,Max Strus,70,32.0,12.2,4.8,4.0,0.4,0.9
105,2024,Aaron Nesmith,72,27.7,12.2,3.8,1.5,0.7,0.9
106,2024,Ayo Dosunmu,76,29.1,12.2,2.8,3.2,0.5,0.9
107,2024,Buddy Hield,84,25.7,12.1,3.2,2.8,0.5,0.8
108,2024,Tyus Jones,66,29.3,12.0,2.7,7.3,0.3,1.1
109,2024,Jaime Jaquez Jr.,75,28.2,11.9,3.8,2.6,0.3,1.0
110,2024,Nic Claxton,71,29.8,11.8,9.9,2.1,2.1,0.6
111,2024,Ivica Zubac,68,26.4,11.7,9.2,1.4,1.2,0.3
112,2024,Jeremy Sochan,74,29.6,11.6,6.4,3.4,0.5,0.8
113,2024,Cole Anthony,81,22.4,11.6,3.8,2.9,0.5,0.8
114,2024,Clint Capela,73,25.8,11.5,10.6,1.2,1.5,0.6
115,2024,Mike Conley,76,28.9,11.4,2.9,5.9,0.2,1.2
116,2024,Malik Beasley,79,29.6,11.3,3.7,1.4,0.1,0.7
117,2024,Zach Collins,69,22.1,11.2,5.4,2.8,0.8,0.5
118,2024,Russell Westbrook,68,22.5,11.1,5.0,4.5,0.3,1.1
119,2024,Eric Gordon,68,27.8,11.0,1.8,2.0,0.4,1.0
120,2024,Herbert Jones,76,30.5,11.0,3.6,2.6,0.8,1.4
121,2024,Daniel Gafford,74,24.5,11.0,7.6,1.6,2.1,0.9
122,2024,Jusuf Nurkic,76,27.3,10.9,11.0,4.0,1.1,1.1
123,2024,Luguentz Dort,79,28.4,10.9,3.6,1.4,0.6,0.9
124,2024,Moritz Wagner,80,17.7,10.9,4.3,1.2,0.3,0.5
125,2024,Bruce Brown,67,27.8,10.8,4.2,2.9,0.3,0.9
126,2024,Santi Aldama,61,26.5,10.7,5.8,2.3,0.9,0.7
127,2024,Jaden McDaniels,72,29.2,10.5,3.1,1.4,0.6,0.9
128,2024,Simone Fontecchio,66,24.9,10.5,3.7,1.5,0.3,0.7
129,2024,Spencer Dinwiddie,76,28.3,10.5,2.7,4.7,0.3,0.7
130,2024,Alec Burks,66,18.4,10.4,2.3,1.3,0.2,0.4
131,2024,Grant Williams,76,28.0,10.3,4.2,2.3,0.5,0.6
132,2024,Obi Toppin,82,21.1,10.3,3.9,1.6,0.5,0.6
133,2024,T.J. McConnell,71,18.2,10.2,2.7,5.5,0.1,1.0
134,2024,Kevin Huerter,64,24.4,10.2,3.5,2.6,0.4,0.7
135,2024,Reggie Jackson,82,22.2,10.2,1.9,3.8,0.1,0.5
136,2024,Kentavious Caldwell-Pope,76,31.6,10.1,2.4,2.4,0.6,1.3
137,2024,Alex Caruso,71,28.7,10.1,3.8,3.5,1.0,1.7
138,2024,Tre Jones,77,27.8,10.0,3.8,6.2,0.1,1.0
139,2024,Caleb Martin,64,27.5,10.0,4.4,2.2,0.5,0.7
140,2024,Jalen Smith,61,17.2,9.9,5.5,1.0,0.6,0.3
141,2024,Kelly Olynyk,78,22.6,9.8,5.3,4.4,0.4,0.9
142,2024,Lonnie Walker IV,58,17.4,9.7,2.2,1.3,0.3,0.6
143,2024,Nick Richards,67,26.3,9.7,8.0,0.8,1.1,0.4
144,2024,Payton Pritchard,82,22.3,9.6,3.2,3.4,0.1,0.5
145,2024,Amen Thompson,62,22.4,9.5,6.6,2.6,0.6,1.3
146,2024,Josh Hart,81,33.4,9.4,8.3,4.1,0.3,0.9
147,2024,Isaac Okoro,69,27.3,9.4,3.0,1.9,0.5,0.8
148,2024,Georges Niang,82,22.3,9.4,3.4,1.2,0.2,0.4
149,2024,Brandin Podziemski,74,26.6,9.2,5.8,3.7,0.2,0.8
150,2024,Andrew Nembhard,68,25.0,9.2,2.1,4.1,0.1,0.9
151,2024,Malaki Branham,75,21.3,9.2,2.0,2.1,0.1,0.4
152,2024,Chris Paul,58,26.4,9.2,3.9,6.8,0.1,1.2
153,2024,Duop Reath,68,17.9,9.1,3.7,1.0,0.6,0.5
154,2024,Sam Hauser,79,22.0,9.0,3.5,1.0,0.3,0.5
155,2024,Taurean Prince,78,27.0,8.9,2.9,1.5,0.4,0.7
156,2024,Jabari Walker,72,23.6,8.9,7.1,1.0,0.3,0.6
157,2024,Ausar Thompson,63,25.1,8.8,6.4,1.9,0.9,1.1
158,2024,Terance Mann,75,25.0,8.8,3.4,1.6,0.2,0.6
159,2024,Al Horford,65,26.8,8.6,6.4,2.6,1.0,0.6
160,2024,Derrick Jones Jr.,76,23.5,8.6,3.3,1.0,0.7,0.7
161,2024,Dorian Finney-Smith,68,28.5,8.5,4.7,1.6,0.6,0.8
162,2024,Gradey Dick,60,21.1,8.5,2.2,1.1,0.0,0.6
163,2024,Bilal Coulibaly,63,27.2,8.4,4.1,1.7,0.8,0.9
164,2024,Andre Drummond,79,17.1,8.4,9.0,0.5,0.6,0.9
165,2024,Miles McBride,68,19.5,8.3,1.5,1.7,0.1,0.7
166,2024,Marcus Sasser,71,19.0,8.3,1.8,3.3,0.2,0.6
167,2024,Isaiah Joe,78,18.5,8.2,2.3,1.3,0.3,0.6
168,2024,Kyle Lowry,60,28.2,8.1,3.2,4.2,0.4,1.0
169,2024,Walker Kessler,64,23.3,8.1,7.5,0.9,2.4,0.5
170,2024,Moses Moody,66,17.5,8.1,3.0,0.9,0.4,0.6
171,2024,Dario Saric,64,17.2,8.0,4.4,2.3,0.2,0.5
172,2024,Nickeil Alexander-Walker,82,23.4,8.0,2.0,2.5,0.5,0.8
173,2024,Sam Merrill,61,17.5,8.0,2.0,1.8,0.1,0.3
174,2024,Trayce Jackson-Davis,68,16.6,7.9,5.0,1.2,1.1,0.4
175,2024,Jordan Hawkins,67,17.3,7.8,2.2,1.0,0.1,0.3
176,2024,Isaiah Hartenstein,75,25.3,7.8,8.3,2.5,1.1,1.2
177,2024,Royce O'Neale,79,24.7,7.7,4.8,2.8,0.6,0.7
178,2024,Precious Achiuwa,74,21.9,7.6,6.6,1.3,0.9,0.6
179,2024,Toumani Camara,70,24.8,7.5,4.9,1.2,0.5,0.9
180,2024,Cameron Payne,78,16.7,7.4,1.5,2.6,0.1,0.5
181,2024,Paul Reed,82,19.4,7.3,6.0,1.3,1.0,0.8
182,2024,Christian Braun,82,20.2,7.3,3.7,1.6,0.4,0.5
183,2024,Jaden Hardy,73,13.5,7.3,1.8,1.5,0.1,0.3
184,2024,Trey Lyles,58,20.0,7.2,4.4,1.2,0.3,0.3
185,2024,James Wiseman,63,17.3,7.1,5.3,0.9,0.6,0.2
186,2024,Naji Marshall,66,19.0,7.1,3.6,1.9,0.2,0.7
187,2024,Vasilije Micic,60,19.6,7.0,1.5,4.4,0.1,0.5
188,2024,Aaron Wiggins,78,15.7,6.9,2.4,1.1,0.2,0.7
189,2024,Trendon Watford,63,13.6,6.9,3.1,1.3,0.3,0.4
190,2024,Cason Wallace,82,20.6,6.8,2.3,1.5,0.5,0.9
191,2024,Julian Champagnie,74,19.8,6.8,2.8,1.4,0.6,0.6
192,2024,Day'Ron Sharpe,61,15.1,6.8,6.4,1.4,0.7,0.4
193,2024,Cedi Osman,72,17.6,6.8,2.5,1.7,0.2,0.5
194,2024,Jonathan Isaac,58,15.8,6.8,4.5,0.5,1.2,0.7
195,2024,Peyton Watson,80,18.6,6.7,3.2,1.1,1.1,0.5
196,2024,Amir Coffey,70,20.9,6.6,2.1,1.1,0.2,0.6
197,2024,Aaron Holiday,78,16.3,6.6,1.6,1.8,0.1,0.5
198,2024,David Roddy,65,18.1,6.5,3.2,1.2,0.2,0.4
199,2024,Jeff Green,78,16.8,6.5,2.3,0.9,0.4,0.2
200,2024,Kyle Anderson,79,22.6,6.4,3.5,4.2,0.6,0.9
201,2024,Isaiah Jackson,60,12.9,6.4,4.0,0.8,1.0,0.6
202,2024,Daniel Theis,60,16.9,6.3,4.1,1.0,0.9,0.4
203,2024,Patrick Beverley,73,20.0,6.2,3.3,2.9,0.4,0.6
204,2024,Haywood Highsmith,66,20.7,6.1,3.2,1.1,0.5,0.8
205,2024,Kris Murray,62,21.7,6.1,3.6,1.3,0.3,0.9
206,2024,Ochai Agbaji,78,21.1,5.8,2.8,1.1,0.6,0.6
207,2024,Dyson Daniels,61,22.3,5.8,3.9,2.7,0.4,1.4
208,2024,Larry Nance Jr.,61,19.9,5.7,5.0,1.9,0.3,1.0
209,2024,Pat Connaughton,76,22.1,5.6,3.1,2.1,0.3,0.5
210,2024,Malachi Flynn,69,12.7,5.5,1.7,1.9,0.1,0.6
211,2024,Doug McDermott,64,14.1,5.5,0.9,1.1,0.0,0.3
212,2024,Matisse Thybulle,65,22.9,5.4,2.1,1.4,0.8,1.7
213,2024,Kris Dunn,66,18.9,5.4,2.9,3.8,0.4,1.0
214,2024,Nicolas Batum,60,25.5,5.3,4.1,2.1,0.6,0.8
215,2024,Luke Kornet,63,15.6,5.3,4.1,1.1,1.0,0.4
216,2024,Davion Mitchell,72,15.3,5.3,1.3,1.9,0.0,0.2
217,2024,Bryce McGowens,59,14.9,5.1,1.7,0.9,0.2,0.4
218,2024,Drew Eubanks,75,15.6,5.1,4.3,0.8,0.8,0.4
219,2024,Goga Bitadze,62,15.4,5.0,4.6,1.3,1.2,0.5
220,2024,Jevon Carter,72,13.9,5.0,0.8,1.3,0.2,0.5
221,2024,Garrison Mathews,66,15.0,4.9,1.4,0.6,0.1,0.3
222,2024,Kenrich Williams,69,14.9,4.7,3.0,1.3,0.1,0.6
223,2024,Josh Okogie,60,16.0,4.6,2.6,1.1,0.4,0.8
224,2024,Anthony Black,69,16.9,4.6,2.0,1.3,0.3,0.5
225,2024,Kevon Looney,74,16.1,4.5,5.7,1.8,0.4,0.4
226,2024,Blake Wesley,61,14.4,4.4,1.5,2.7,0.1,0.5
227,2024,Joe Ingles,68,17.2,4.4,2.1,3.0,0.1,0.6
228,2024,Jaxson Hayes,70,12.5,4.3,3.0,0.5,0.4,0.5
229,2024,Caleb Houstan,59,13.8,4.3,1.4,0.5,0.1,0.3
230,2024,Max Christie,67,14.1,4.2,2.1,0.9,0.3,0.3
231,2024,Troy Brown Jr.,59,14.0,4.2,2.4,1.0,0.1,0.4
232,2024,Jae'Sean Tate,65,15.9,4.1,3.0,1.0,0.2,0.6
233,2024,Justin Holiday,58,14.9,4.0,1.2,1.2,0.2,0.6
234,2024,Jaylin Williams,69,13.0,4.0,3.4,1.6,0.4,0.4
235,2024,Chris Duarte,59,12.2,3.9,1.8,0.7,0.1,0.5
236,2024,KJ Martin,60,12.4,3.7,2.2,0.9,0.2,0.4
237,2024,Dwight Powell,63,13.3,3.3,3.4,1.3,0.3,0.4
238,2024,Zeke Nnaji,58,9.9,3.2,2.2,0.6,0.7,0.3
239,2024,JT Thor,63,12.4,3.2,2.3,0.5,0.4,0.2
240,2024,Dalen Terry,59,11.5,3.1,1.9,1.4,0.3,0.5
241,2024,Joel Embiid,39,33.6,34.7,11.0,5.6,1.7,1.2
242,2024,Donovan Mitchell,55,35.3,26.6,5.1,6.1,0.5,1.8
243,2024,Trae Young,54,36.0,25.7,2.8,10.8,0.2,1.3
244,2024,Ja Morant,9,35.3,25.1,5.6,8.1,0.6,0.8
245,2024,Julius Randle,46,35.4,24.0,9.2,5.0,0.3,0.5
246,2024,LaMelo Ball,22,32.3,23.9,5.1,8.0,0.2,1.8
247,2024,Desmond Bane,42,34.4,23.7,4.4,5.5,0.5,1.0
248,2024,Lauri Markkanen,55,33.1,23.2,8.2,2.0,0.5,0.9
249,2024,Anfernee Simons,46,34.4,22.6,3.6,5.5,0.1,0.5
250,2024,Jerami Grant,54,33.9,21.0,3.5,2.8,0.6,0.8
251,2024,Tyler Herro,42,33.5,20.8,5.3,4.5,0.1,0.7
252,2024,Kristaps Porzingis,57,29.6,20.1,7.2,2.0,1.9,0.7
253,2024,Zach LaVine,25,34.9,19.5,5.2,3.9,0.3,0.8
254,2024,Bradley Beal,53,33.3,18.2,4.4,5.0,0.5,1.0
255,2024,Darius Garland,57,33.3,18.0,2.7,6.5,0.1,1.3
256,2024,Jordan Clarkson,55,30.6,17.1,3.4,5.0,0.1,0.6
257,2024,Deandre Ayton,55,32.4,16.7,11.1,1.6,0.8,1.0
258,2024,Jalen Johnson,56,33.7,16.0,8.7,3.6,0.8,1.2
259,2024,Shaedon Sharpe,32,33.1,15.9,5.0,2.9,0.4,0.9
260,2024,Malcolm Brogdon,39,28.7,15.7,3.8,5.5,0.2,0.7
261,2024,Evan Mobley,50,30.6,15.7,9.4,3.2,1.4,0.9
262,2024,De'Andre Hunter,57,29.5,15.6,3.9,1.5,0.3,0.7
263,2024,Bojan Bogdanovic,57,25.9,15.2,2.7,1.7,0.1,0.5
264,2024,Khris Middleton,55,27.0,15.1,4.7,5.3,0.3,0.9
265,2024,Trey Murphy III,57,29.6,14.8,4.9,2.2,0.5,0.9
266,2024,OG Anunoby,50,34.0,14.7,4.2,2.1,0.7,1.4
267,2024,GG Jackson,48,25.7,14.6,4.1,1.2,0.5,0.6
268,2024,Marcus Smart,20,30.3,14.5,2.7,4.3,0.3,2.1
269,2024,Scotty Pippen Jr.,21,25.1,12.9,3.2,4.7,0.5,1.7
270,2024,Mark Williams,19,26.7,12.7,9.7,1.2,1.1,0.8
271,2024,Cam Whitmore,47,18.7,12.3,3.8,0.7,0.4,0.6
272,2024,Javonte Green,9,25.6,12.2,7.4,0.6,0.9,1.1
273,2024,Marvin Bagley III,50,21.1,11.7,6.2,1.1,0.7,0.4
274,2024,Brandon Clarke,6,22.3,11.3,5.3,1.5,1.0,0.8
275,2024,Jakob Poeltl,50,26.4,11.1,8.6,2.5,1.5,0.7
276,2024,De'Anthony Melton,38,26.9,11.1,3.7,3.0,0.4,1.6
277,2024,Luke Kennard,39,25.6,11.0,2.9,3.5,0.1,0.5
278,2024,Wendell Carter Jr.,55,25.6,11.0,6.9,1.7,0.5,0.6
279,2024,Isaiah Stewart,46,30.9,10.9,6.6,1.6,0.8,0.4
280,2024,Jake LaRavia,35,23.0,10.8,3.7,1.7,0.3,0.8
281,2024,Dalano Banton,54,19.4,10.3,3.3,2.4,0.4,0.6
282,2024,Onyeka Okongwu,55,25.5,10.2,6.8,1.3,1.1,0.5
283,2024,Talen Horton-Tucker,51,19.8,10.1,2.4,3.5,0.4,0.9
284,2024,Vince Williams Jr.,52,27.6,10.0,5.6,3.4,0.7,0.9
285,2024,Patrick Williams,43,27.3,10.0,3.9,1.5,0.8,0.9
286,2024,Josh Richardson,43,25.7,9.9,2.8,2.4,0.3,0.6
287,2024,Gordon Hayward,51,24.4,9.8,3.5,3.1,0.3,0.8
288,2024,Tari Eason,22,21.8,9.8,7.0,1.2,0.9,1.4
289,2024,Tre Mann,41,24.1,9.3,3.6,4.0,0.1,1.2
290,2024,Kevin Love,55,16.8,8.8,6.1,2.1,0.2,0.3
291,2024,Dereck Lively II,55,23.5,8.8,6.9,1.1,1.4,0.7
292,2024,Draymond Green,55,27.1,8.6,7.2,6.0,0.9,1.0
293,2024,Tristan Vukcevic,10,15.3,8.5,3.6,1.3,0.7,0.5
294,2024,Ziaire Williams,51,20.4,8.2,3.5,1.5,0.2,0.7
295,2024,Josh Green,57,26.4,8.2,3.2,2.3,0.2,0.8
296,2024,Derrick Rose,24,16.6,8.0,1.9,3.3,0.1,0.3
297,2024,Markelle Fultz,43,21.2,7.8,3.2,2.8,0.3,1.0
298,2024,Dante Exum,55,19.8,7.8,2.7,2.9,0.1,0.4
299,2024,RaiQuan Gray,3,13.0,7.7,2.3,2.0,0.3,0.3
300,2024,Nikola Jovic,46,19.5,7.7,4.2,2.0,0.3,0.5
301,2024,Cody Martin,28,26.9,7.5,3.9,3.7,0.6,1.1
302,2024,Brice Sensabaugh,32,18.3,7.5,3.2,1.7,0.2,0.4
303,2024,Taylor Hendricks,40,21.4,7.3,4.6,0.8,0.8,0.7
304,2024,Johnny Juzang,20,18.6,7.2,1.8,1.2,0.1,0.2
305,2024,Kevin Knox II,31,18.1,7.2,2.4,0.7,0.2,0.4
306,2024,Lamar Stevens,38,14.7,7.2,3.3,0.7,0.6,0.6
307,2024,Landry Shamet,46,15.8,7.1,1.3,1.2,0.2,0.5
308,2024,Jose Alvarado,56,18.4,7.1,2.3,2.1,0.3,1.1
309,2024,Quentin Grimes,51,20.1,7.0,2.0,1.3,0.1,0.7
310,2024,Jordan Nwora,52,13.7,7.0,2.9,1.2,0.3,0.5
311,2024,Javon Freeman-Liberty,22,18.3,7.0,3.2,1.8,0.2,0.5
312,2024,Christian Wood,50,17.4,6.9,5.1,1.0,0.7,0.3
313,2024,Bones Hyland,37,14.6,6.9,1.5,2.5,0.1,0.7
314,2024,Gary Harris,54,24.0,6.9,1.7,1.6,0.3,0.9
315,2024,Killian Hayes,42,24.0,6.9,2.8,4.9,0.5,0.9
316,2024,Evan Fournier,32,18.1,6.9,1.8,1.5,0.2,0.9
317,2024,Maozinha Pereira,7,17.4,6.9,5.3,0.3,0.6,0.9
318,2024,Trey Jemison III,25,23.0,6.8,5.4,1.1,1.1,0.5
319,2024,Robert Williams III,6,19.8,6.8,6.3,0.8,1.2,1.2
320,2024,Davis Bertans,43,15.7,6.7,1.4,0.8,0.3,0.6
321,2024,Jahmi'us Ramsey,7,17.3,6.7,3.1,1.1,0.0,1.0
322,2024,Dennis Smith Jr.,56,18.9,6.6,2.9,3.6,0.2,1.2
323,2024,Chimezie Metu,51,16.8,6.5,3.8,0.9,0.3,0.8
324,2024,David Duke Jr.,4,12.8,6.5,2.5,1.3,0.0,0.5
325,2024,Jordan Goodwin,57,18.5,6.5,4.4,2.7,0.3,0.8
326,2024,Marcus Morris Sr.,49,16.7,6.4,2.7,0.7,0.3,0.3
327,2024,Chris Boucher,50,14.1,6.4,4.1,0.5,0.5,0.3
328,2024,Jared Butler,40,14.2,6.3,1.5,3.2,0.2,0.7
329,2024,Bruno Fernando,45,15.2,6.3,4.3,1.0,0.6,0.6
330,2024,Jae Crowder,50,23.1,6.2,3.2,1.3,0.2,0.8
331,2024,Jaylen Nowell,13,16.5,6.2,1.8,1.5,0.2,0.3
332,2024,Keon Johnson,5,12.2,6.2,1.4,0.6,0.2,0.6
333,2024,Vit Krejci,22,24.6,6.1,2.4,2.3,0.3,0.6
334,2024,Ben Simmons,15,23.9,6.1,7.9,5.7,0.6,0.8
335,2024,Zavier Simpson,7,23.0,6.0,2.9,3.6,0.4,1.0
336,2024,Tosan Evbuomwan,17,21.6,5.9,3.5,0.9,0.3,0.4
337,2024,Justin Champagnie,15,15.7,5.9,3.5,1.3,0.6,0.7
338,2024,Nick Smith Jr.,51,14.3,5.9,1.4,1.2,0.1,0.2
339,2024,Noah Clowney,23,16.1,5.8,3.5,0.8,0.7,0.3
340,2024,Torrey Craig,53,19.8,5.7,4.1,1.1,0.4,0.6
341,2024,Danilo Gallinari,49,12.8,5.7,2.2,1.1,0.1,0.3
342,2024,Thomas Bryant,38,11.6,5.7,3.7,0.6,0.4,0.3
343,2024,Craig Porter Jr.,51,12.7,5.6,2.1,2.3,0.3,0.4
344,2024,Mitchell Robinson,31,24.8,5.6,8.5,0.6,1.1,1.2
345,2024,Dexter Dennis,4,7.5,5.5,2.3,1.0,0.3,0.0
346,2024,Neemias Queta,28,11.9,5.5,4.4,0.7,0.8,0.5
347,2024,Gary Payton II,44,15.5,5.5,2.6,1.1,0.4,0.9
348,2024,Keon Ellis,57,17.2,5.4,2.2,1.5,0.5,0.9
349,2024,Matt Ryan,28,13.9,5.4,1.4,0.6,0.0,0.2
350,2024,Cam Reddish,48,20.5,5.4,2.1,1.0,0.3,1.0
351,2024,Ricky Council IV,32,9.0,5.4,1.4,0.5,0.0,0.3
352,2024,Dean Wade,54,20.5,5.4,4.0,0.8,0.5,0.7
353,2024,Sasha Vezenkov,42,12.2,5.4,2.3,0.5,0.2,0.5
354,2024,Darius Bazley,9,16.9,5.3,3.1,0.8,0.8,0.7
355,2024,Mason Plumlee,46,14.7,5.3,5.1,1.2,0.4,0.3
356,2024,Stanley Umude,24,12.8,5.3,2.1,0.5,0.3,0.3
357,2024,Xavier Tillman,54,18.1,5.3,3.9,1.4,0.8,0.9
358,2024,Brandon Boston,32,10.8,5.2,1.6,0.4,0.3,0.3
359,2024,Aleksej Pokusevski,28,14.5,5.2,3.2,1.3,0.5,0.5
360,2024,Bol Bol,43,10.9,5.2,3.2,0.4,0.6,0.2
361,2024,Jarred Vanderbilt,29,20.0,5.2,4.8,1.2,0.2,1.2
362,2024,Seth Curry,44,14.0,5.1,1.5,1.0,0.1,0.5
363,2024,D.J. Wilson,2,7.5,5.0,1.0,1.0,1.0,0.0
364,2024,Kobi Simmons,4,16.8,5.0,1.8,3.0,0.5,1.5
365,2024,Jalen Wilson,43,15.5,5.0,3.0,1.0,0.1,0.3
366,2024,Richaun Holmes,40,13.9,5.0,4.6,0.6,0.5,0.3
367,2024,Monte Morris,33,14.4,5.0,1.7,2.1,0.3,0.6
368,2024,Devonte' Graham,23,13.6,5.0,1.6,2.1,0.1,0.4
369,2024,Isaiah Livers,23,20.4,5.0,2.1,1.1,0.2,0.6
370,2024,Jock Landale,56,13.6,4.9,3.1,1.2,0.6,0.4
371,2024,Jared Rhoden,17,14.4,4.9,1.9,0.8,0.8,0.2
372,2024,Eugene Omoruyi,43,9.1,4.8,2.0,0.8,0.1,0.6
373,2024,DeJon Jarreau,9,16.7,4.8,4.9,2.9,0.2,0.7
374,2024,Kobe Bufkin,17,11.5,4.8,1.9,1.6,0.3,0.4
375,2024,Omer Yurtseven,48,11.4,4.6,4.3,0.6,0.4,0.2
376,2024,Kenneth Lofton Jr.,21,9.4,4.6,1.8,1.6,0.2,0.3
377,2024,Julian Strawther,50,10.9,4.5,1.2,0.9,0.1,0.3
378,2024,Shake Milton,48,12.1,4.5,1.6,1.3,0.1,0.4
379,2024,Taze Moore,4,10.0,4.5,2.0,1.3,0.0,0.5
380,2024,AJ Green,56,11.0,4.5,1.1,0.5,0.1,0.2
381,2024,Delon Wright,47,15.8,4.5,1.8,2.5,0.2,1.1
382,2024,Maxi Kleber,43,20.3,4.4,3.3,1.6,0.7,0.4
383,2024,Mo Bamba,57,13.0,4.4,4.2,0.7,1.1,0.4
384,2024,Lester Quinones,37,10.6,4.4,1.9,1.0,0.1,0.2
385,2024,Jontay Porter,26,13.8,4.4,3.2,2.3,0.8,0.8
386,2024,Ben Sheppard,57,14.3,4.4,1.6,0.9,0.0,0.6
387,2024,Patrick Baldwin Jr.,38,13.0,4.4,3.2,0.8,0.4,0.5
388,2024,MarJon Beauchamp,48,12.7,4.4,2.1,0.6,0.1,0.3
389,2024,Robert Covington,29,16.8,4.4,3.3,0.8,0.6,1.3
390,2024,Dominick Barlow,33,12.7,4.4,3.4,1.1,0.4,0.4
391,2024,Bismack Biyombo,40,19.8,4.4,5.2,1.3,0.9,0.3
392,2024,Jeff Dowtin Jr.,12,11.8,4.3,1.7,2.3,0.1,0.6
393,2024,Dru Smith,9,14.6,4.3,1.6,1.6,0.3,1.0
394,2024,John Konchar,55,21.3,4.3,4.7,2.0,0.9,0.9
395,2024,Danuel House Jr.,34,15.0,4.2,1.7,0.8,0.1,0.4
396,2024,Jacob Gilyard,41,17.0,4.2,1.1,3.3,0.1,0.8
397,2024,Ashton Hagans,19,16.6,4.2,2.4,2.8,0.5,0.6
398,2024,Armoni Brooks,10,10.4,4.2,1.8,0.5,0.1,0.1
399,2024,Thaddeus Young,33,13.3,4.2,3.1,1.7,0.2,0.7
400,2024,Sandro Mamukelashvili,46,9.8,4.1,3.2,1.1,0.3,0.2
401,2024,Luka Samanic,43,9.4,4.1,2.4,0.4,0.2,0.1
402,2024,Skylar Mays,38,11.4,4.1,1.1,2.2,0.1,0.6
403,2024,Ousmane Dieng,33,11.1,4.0,1.5,1.1,0.2,0.2
404,2024,JaVale McGee,46,7.4,4.0,2.7,0.4,0.4,0.3
405,2024,Izaiah Brockington,1,3.0,4.0,2.0,0.0,0.0,0.0
406,2024,Matt Hurt,8,14.1,4.0,2.0,0.5,0.4,0.4
407,2024,Adama Sanogo,9,7.3,4.0,4.0,0.0,0.0,0.1
408,2024,Mouhamed Gueye,6,12.2,4.0,3.7,0.7,0.7,0.8
409,2024,Rayan Rupert,39,16.2,4.0,2.4,1.6,0.1,0.3
410,2024,Patty Mills,32,13.0,4.0,1.1,1.1,0.0,0.6
411,2024,Luka Garza,25,4.9,4.0,1.2,0.2,0.0,0.2
412,2024,Svi Mykhailiuk,41,10.1,4.0,1.2,0.9,0.0,0.3
413,2024,DeAndre Jordan,36,11.0,3.9,4.4,0.7,0.4,0.2
414,2024,Jules Bernard,19,7.8,3.9,1.4,0.8,0.1,0.2
415,2024,Anthony Gill,50,9.3,3.8,1.9,0.7,0.2,0.3
416,2024,Sidy Cissoko,12,11.8,3.8,1.8,0.8,0.3,0.6
417,2024,Jamal Cain,26,10.0,3.7,1.4,0.4,0.2,0.4
418,2024,T.J. Warren,11,11.4,3.7,2.0,0.8,0.1,0.4
419,2024,Keita Bates-Diop,53,12.5,3.7,2.1,0.7,0.4,0.5
420,2024,Drew Peterson,3,7.7,3.7,0.3,0.3,0.0,0.7
421,2024,Oshae Brissett,55,11.5,3.7,2.9,0.8,0.1,0.3
422,2024,Jarace Walker,33,10.3,3.6,1.9,1.2,0.3,0.5
423,2024,Collin Gillespie,24,9.4,3.6,0.9,1.1,0.0,0.5
424,2024,Lindy Waters III,38,7.4,3.6,1.1,0.6,0.2,0.1
425,2024,James Bouknight,14,5.8,3.6,0.6,0.4,0.1,0.1
426,2024,Gui Santos,23,8.3,3.6,2.1,0.6,0.1,0.2
427,2024,Jordan McLaughlin,56,11.2,3.5,1.3,2.0,0.1,0.6
428,2024,Onuralp Bitim,23,11.7,3.5,1.4,0.6,0.1,0.1
429,2024,Theo Maledon,17,12.5,3.5,1.4,1.6,0.0,0.4
430,2024,Yuta Watanabe,34,13.6,3.4,1.6,0.4,0.2,0.4
431,2024,Moses Brown,22,9.1,3.4,3.9,0.3,0.3,0.2
432,2024,Wenyen Gabriel,5,16.2,3.4,5.0,0.6,0.4,0.4
433,2024,Buddy Boeheim,10,8.4,3.4,1.0,0.3,0.1,0.0
434,2024,Ryan Rollins,13,6.0,3.4,1.0,1.1,0.2,0.8
435,2024,Jalen McDaniels,50,10.8,3.4,1.6,0.7,0.1,0.4
436,2024,Nassir Little,45,10.2,3.4,1.7,0.5,0.2,0.2
437,2024,Marques Bolden,11,11.0,3.4,3.1,0.4,0.6,0.3
438,2024,Jaden Springer,49,10.3,3.3,1.6,0.9,0.3,0.7
439,2024,Charles Bassey,19,10.8,3.3,4.0,1.1,0.9,0.4
440,2024,Micah Potter,16,11.6,3.3,2.7,0.4,0.4,0.3
441,2024,Tristan Thompson,49,11.2,3.3,3.6,1.0,0.3,0.2
442,2024,Garrett Temple,27,10.7,3.3,1.7,1.0,0.1,0.4
443,2024,Oscar Tshiebwe,8,5.3,3.3,2.0,0.3,0.1,0.3
444,2024,Terquavion Smith,16,5.3,3.3,0.3,0.8,0.0,0.5
445,2024,A.J. Lawson,42,7.4,3.2,1.2,0.5,0.1,0.2
446,2024,Ish Smith,43,17.2,3.2,1.8,3.4,0.1,0.4
447,2024,Boban Marjanovic,14,5.1,3.2,2.3,0.4,0.1,0.1
448,2024,Kira Lewis Jr.,28,9.4,3.2,0.9,1.3,0.1,0.3
449,2024,Brandon Williams,17,6.6,3.2,0.8,1.0,0.1,0.1
450,2024,Gabe Vincent,11,19.8,3.1,0.8,1.9,0.0,0.8
451,2024,Wesley Matthews,36,11.5,3.1,1.5,0.6,0.3,0.4
452,2024,Johnny Davis,50,12.3,3.0,1.4,0.6,0.2,0.4
453,2024,Olivier-Maxence Prosper,40,8.4,3.0,2.0,0.6,0.1,0.2
454,2024,Mike Muscala,53,11.3,3.0,2.4,0.7,0.2,0.2
455,2024,Saben Lee,24,7.7,3.0,1.3,1.3,0.1,0.3
456,2024,Jeremiah Robinson-Earl,39,8.6,2.9,1.9,0.5,0.1,0.3
457,2024,Nate Williams,22,5.9,2.9,1.0,0.3,0.0,0.2
458,2024,Trevelin Queen,14,11.8,2.9,1.4,1.3,0.4,0.5
459,2024,Henri Drell,4,7.5,2.8,1.0,1.0,0.3,0.5
460,2024,D.J. Carton,4,9.0,2.8,1.0,0.8,0.0,0.3
461,2024,Orlando Robinson,36,8.4,2.8,2.3,0.9,0.2,0.2
462,2024,Damian Jones,39,6.9,2.7,1.6,0.4,0.3,0.2
463,2024,Emoni Bates,15,8.9,2.7,0.9,0.7,0.1,0.1
464,2024,Malik Williams,7,15.3,2.7,5.4,0.3,0.6,0.4
465,2024,Leaky Black,26,10.9,2.7,1.8,0.9,0.4,0.3
466,2024,Moussa Diabate,11,5.8,2.6,2.2,0.4,0.1,0.5
467,2024,Otto Porter Jr.,15,11.6,2.6,1.9,0.5,0.3,0.3
468,2024,Timmy Allen,5,25.0,2.6,3.4,1.0,0.0,0.8
469,2024,Markieff Morris,26,8.3,2.5,1.5,0.6,0.1,0.2
470,2024,Dylan Windler,17,6.4,2.5,0.9,0.6,0.0,0.1
471,2024,Furkan Korkmaz,35,8.6,2.5,0.9,0.7,0.1,0.4
472,2024,Alex Len,48,9.3,2.5,2.7,1.0,0.7,0.2
473,2024,Greg Brown III,6,6.7,2.5,1.5,0.7,0.7,0.0
474,2024,Alex Fudge,6,6.7,2.5,0.8,0.0,0.0,0.5
475,2024,Joe Harris,16,10.6,2.4,0.8,0.6,0.1,0.2
476,2024,Harry Giles III,23,4.3,2.4,1.3,0.3,0.1,0.1
477,2024,Cory Joseph,26,11.4,2.4,1.2,1.6,0.1,0.2
478,2024,AJ Griffin,20,8.6,2.4,0.9,0.3,0.1,0.1
479,2024,Mouhamadou Gueye,11,10.9,2.4,2.1,0.5,1.6,0.3
480,2024,Xavier Moon,14,8.5,2.4,1.3,1.5,0.2,0.2
481,2024,Jamaree Bouyea,9,10.6,2.3,2.1,1.2,0.0,0.1
482,2024,Cole Swider,18,4.8,2.3,0.4,0.3,0.1,0.1
483,2024,Dereon Seabron,6,9.2,2.3,1.2,0.8,0.2,0.3
484,2024,Isaiah Mobley,10,7.2,2.3,1.0,0.6,0.0,0.2
485,2024,Amari Bailey,10,6.5,2.3,0.9,0.7,0.0,0.3
486,2024,Chuma Okeke,47,9.2,2.3,1.7,0.4,0.1,0.2
487,2024,Olivier Sarr,15,6.5,2.3,2.4,0.1,0.5,0.0
488,2024,Julian Phillips,40,8.1,2.2,0.9,0.3,0.2,0.2
489,2024,Nate Hinton,15,5.0,2.2,1.5,0.7,0.1,0.2
490,2024,Andre Jackson Jr.,57,10.0,2.2,2.0,0.9,0.1,0.3
491,2024,Udoka Azubuike,16,7.1,2.2,2.0,0.2,0.4,0.1
492,2024,Trent Forrest,38,10.9,2.2,1.3,2.4,0.1,0.3
493,2024,Reggie Bullock Jr.,44,9.5,2.2,1.7,0.3,0.1,0.3
494,2024,Colby Jones,30,6.4,2.1,1.3,0.7,0.2,0.2
495,2024,Ish Wainright,11,5.6,2.1,1.3,0.1,0.1,0.4
496,2024,Jericho Sims,45,13.0,2.0,3.3,0.6,0.4,0.2
497,2024,Kobe Brown,44,9.0,2.0,1.4,0.6,0.1,0.3
498,2024,Mamadi Diakite,6,4.0,2.0,0.7,0.3,0.2,0.2
499,2024,Ty Jerome,2,7.5,2.0,0.5,1.5,0.0,0.0
500,2024,Jordan Ford,6,3.7,2.0,0.3,0.3,0.0,0.0
501,2024,Kevon Harris,2,3.0,2.0,1.0,0.5,0.0,0.0
502,2024,Lindell Wigginton,3,2.7,2.0,0.0,0.0,0.0,0.0
503,2024,Markquis Nowell,1,4.0,2.0,2.0,2.0,0.0,1.0
504,2024,Isaiah Wong,1,4.0,2.0,0.0,0.0,0.0,0.0
505,2024,JD Davison,8,4.9,2.0,1.3,1.3,0.1,0.1
506,2024,D'Moi Hodge,7,5.9,2.0,0.0,0.7,0.1,0.1
507,2024,Daishen Nix,15,3.3,1.8,0.2,0.4,0.0,0.3
508,2024,Justin Minaya,34,11.2,1.8,1.6,0.6,0.3,0.3
509,2024,Cody Zeller,43,7.4,1.8,2.6,0.9,0.1,0.2
510,2024,Kessler Edwards,54,5.1,1.7,0.8,0.3,0.1,0.2
511,2024,Jason Preston,7,10.1,1.7,2.4,2.3,0.1,0.3
512,2024,Leonard Miller,17,3.1,1.7,1.2,0.5,0.1,0.1
513,2024,Taj Gibson,20,10.3,1.7,1.9,0.6,0.4,0.2
514,2024,P.J. Tucker,31,15.7,1.7,2.7,0.5,0.2,0.5
515,2024,Jordan Walsh,9,9.2,1.7,2.2,0.6,0.1,0.6
516,2024,Jordan Miller,8,3.5,1.6,0.6,0.0,0.0,0.0
517,2024,Jalen Hood-Schifino,21,5.2,1.6,0.6,0.4,0.1,0.1
518,2024,Jett Howard,18,3.7,1.6,0.4,0.3,0.1,0.1
519,2024,Josh Minott,32,2.8,1.6,0.5,0.3,0.2,0.2
520,2024,Jalen Pickett,27,4.5,1.6,0.5,0.8,0.0,0.1
521,2024,Seth Lundy,9,5.8,1.6,0.8,0.0,0.0,0.0
522,2024,Ibou Badji,22,10.3,1.5,2.3,0.6,0.9,0.1
523,2024,Jack White,4,16.0,1.5,3.0,0.3,0.3,1.0
524,2024,Colin Castleton,16,3.7,1.5,0.8,0.2,0.0,0.1
525,2024,Adam Flagler,2,7.0,1.5,0.0,2.0,0.0,0.0
526,2024,Dariq Whitehead,2,12.0,1.5,2.0,1.5,0.5,0.0
527,2024,Terry Taylor,31,6.1,1.5,1.2,0.3,0.1,0.2
528,2024,Jacob Toppin,9,4.2,1.4,0.8,0.3,0.1,0.0
529,2024,Jermaine Samuels Jr.,14,4.3,1.4,0.9,0.2,0.1,0.1
530,2024,Jerome Robinson,22,3.7,1.4,0.3,0.2,0.1,0.0
531,2024,Mason Jones,5,5.6,1.4,1.0,1.0,0.0,0.2
532,2024,Kendall Brown,15,4.2,1.4,0.3,0.3,0.0,0.0
533,2024,Isaiah Thomas,6,3.2,1.3,0.0,0.5,0.0,0.0
534,2024,Nate Mensah,25,12.3,1.3,2.6,0.4,0.6,0.2
535,2024,TyTy Washington Jr.,11,5.1,1.3,0.5,0.5,0.0,0.3
536,2024,R.J. Hampton,8,9.5,1.3,0.8,1.0,0.0,0.0
537,2024,Chris Livingston,21,4.3,1.2,1.0,0.2,0.0,0.1
538,2024,Keyontae Johnson,9,7.3,1.2,1.1,0.4,0.0,0.1
539,2024,Jay Huff,20,2.5,1.2,0.6,0.1,0.2,0.1
540,2024,Admiral Schofield,23,3.7,1.1,0.7,0.3,0.0,0.0
541,2024,Robin Lopez,16,4.1,1.1,0.3,0.3,0.2,0.1
542,2024,Hunter Tyson,18,2.7,1.1,0.5,0.1,0.0,0.1
543,2024,Braxton Key,20,3.0,1.1,0.9,0.5,0.1,0.1
544,2024,Hamidou Diallo,2,2.5,1.0,1.0,0.5,0.0,1.0
545,2024,Frank Ntilikina,5,8.6,1.0,1.2,0.8,0.0,0.0
546,2024,Filip Petrusev,3,3.0,1.0,0.3,0.0,0.0,0.0
547,2024,Joshua Primo,2,5.0,1.0,0.5,0.0,0.5,0.0
548,2024,Thanasis Antetokounmpo,34,4.6,0.9,0.4,0.5,0.1,0.2
549,2024,James Johnson,9,5.2,0.9,0.4,0.9,0.1,0.6
550,2024,DaQuan Jeffries,17,2.7,0.8,0.3,0.3,0.1,0.0
551,2024,Charlie Brown Jr.,8,4.6,0.8,0.3,0.0,0.3,0.0
552,2024,Wendell Moore Jr.,25,3.0,0.7,0.5,0.2,0.0,0.2
553,2024,Alondes Williams,7,2.3,0.7,0.1,0.0,0.1,0.0
554,2024,Shaquille Harrison,3,2.0,0.7,0.7,0.0,0.3,0.0
555,2024,Jalen Slawson,12,3.1,0.7,0.6,0.2,0.1,0.1
556,2024,Pat Spencer,6,4.3,0.7,0.7,0.8,0.0,0.0
557,2024,Quenton Jackson,3,3.7,0.7,1.3,0.7,0.0,0.3
558,2024,Juan Toscano-Anderson,11,4.8,0.6,1.3,0.4,0.1,0.1
559,2024,E.J. Liddell,8,2.9,0.5,0.6,0.1,0.3,0.3
560,2024,Usman Garuba,6,3.0,0.5,1.2,0.2,0.5,0.2
561,2024,Pete Nance,8,3.4,0.4,0.4,0.0,0.0,0.1
562,2024,Maxwell Lewis,34,3.0,0.3,0.1,0.2,0.0,0.1
563,2025,Shai Gilgeous-Alexander,76,34.2,32.7,5.0,6.4,1.0,1.7
564,2025,Giannis Antetokounmpo,67,34.2,30.4,11.9,6.5,1.2,0.9
565,2025,Nikola Jokic,70,36.7,29.6,12.7,10.2,0.6,1.8
566,2025,Anthony Edwards,79,36.3,27.6,5.7,4.5,0.6,1.2
567,2025,Jayson Tatum,72,36.4,26.8,8.7,6.0,0.5,1.1
568,2025,Kevin Durant,62,36.5,26.6,6.0,4.2,1.2,0.8
569,2025,Cade Cunningham,70,35.0,26.1,6.1,9.1,0.8,1.0
570,2025,Jalen Brunson,65,35.4,26.0,2.9,7.3,0.1,0.9
571,2025,Devin Booker,75,37.3,25.6,4.1,7.1,0.2,0.9
572,2025,Damian Lillard,58,36.1,24.9,4.7,7.1,0.2,1.2
573,2025,Stephen Curry,70,32.2,24.5,4.4,6.0,0.4,1.1
574,2025,Karl-Anthony Towns,72,35.0,24.4,12.8,3.1,0.7,1.0
575,2025,LeBron James,70,34.9,24.4,7.8,8.2,0.6,1.0
576,2025,Trae Young,76,36.0,24.2,3.1,11.6,0.2,1.2
577,2025,Franz Wagner,60,33.7,24.2,5.7,4.7,0.4,1.3
578,2025,Donovan Mitchell,71,31.4,24.0,4.5,5.0,0.2,1.3
579,2025,Tyler Herro,77,35.4,23.9,5.2,5.5,0.2,0.9
580,2025,De'Aaron Fox,62,36.1,23.5,4.8,6.3,0.4,1.5
581,2025,Zach LaVine,74,35.2,23.3,4.3,4.2,0.2,0.8
582,2025,James Harden,79,35.3,22.8,5.8,8.7,0.7,1.5
583,2025,DeMar DeRozan,77,35.9,22.2,3.9,4.4,0.4,0.8
584,2025,Jaylen Brown,63,34.3,22.2,5.8,4.5,0.3,1.2
585,2025,Jaren Jackson Jr.,74,29.8,22.2,5.6,2.0,1.5,1.2
586,2025,Norman Powell,60,32.6,21.8,3.2,2.1,0.2,1.2
587,2025,Jalen Williams,69,32.4,21.6,5.3,5.1,0.7,1.6
588,2025,Jamal Murray,67,36.1,21.4,3.9,6.0,0.5,1.4
589,2025,RJ Barrett,58,32.2,21.1,6.3,5.4,0.3,0.8
590,2025,Jalen Green,82,32.9,21.0,4.6,3.4,0.3,0.9
591,2025,Darius Garland,75,30.7,20.6,2.9,6.7,0.1,1.2
592,2025,Jordan Poole,68,29.4,20.5,3.0,4.5,0.4,1.3
593,2025,Coby White,74,33.1,20.4,3.7,4.5,0.2,0.9
594,2025,Miles Bridges,64,31.7,20.3,7.5,3.9,0.7,0.7
595,2025,Pascal Siakam,78,32.7,20.2,6.9,3.4,0.5,0.9
596,2025,Austin Reaves,73,34.9,20.2,4.5,5.8,0.3,1.1
597,2025,Scottie Barnes,65,32.8,19.3,7.7,5.8,1.0,1.4
598,2025,Anfernee Simons,70,32.7,19.3,2.7,4.8,0.1,0.9
599,2025,Desmond Bane,69,32.0,19.2,6.1,5.3,0.4,1.2
600,2025,Domantas Sabonis,70,34.7,19.1,13.9,6.0,0.4,0.7
601,2025,Alperen Sengun,76,31.5,19.1,10.3,4.9,0.8,1.1
602,2025,Julius Randle,69,32.3,18.7,7.1,4.7,0.2,0.7
603,2025,Tyrese Haliburton,73,33.6,18.6,3.5,9.2,0.7,1.4
604,2025,Shaedon Sharpe,72,31.3,18.5,4.5,2.8,0.2,0.9
605,2025,Evan Mobley,71,30.5,18.5,9.3,3.2,1.6,0.9
606,2025,Nikola Vucevic,73,31.2,18.5,10.1,3.5,0.7,0.8
607,2025,Collin Sexton,63,27.9,18.4,2.7,4.2,0.1,0.7
608,2025,Michael Porter Jr.,77,33.7,18.2,7.0,2.1,0.5,0.6
609,2025,Bam Adebayo,78,34.3,18.1,9.6,4.3,0.7,1.3
610,2025,OG Anunoby,74,36.6,18.0,4.8,2.2,0.9,1.5
611,2025,Andrew Wiggins,60,30.7,18.0,4.5,2.6,0.8,1.0
612,2025,Mikal Bridges,82,37.0,17.6,3.2,3.7,0.5,0.9
613,2025,Malik Monk,65,31.6,17.2,3.8,5.6,0.6,0.9
614,2025,De'Andre Hunter,64,27.2,17.0,4.0,1.4,0.2,0.8
615,2025,Deni Avdija,72,30.0,16.9,7.3,3.9,0.5,1.0
616,2025,Keyonte George,67,31.5,16.8,3.8,5.6,0.1,0.7
617,2025,Ivica Zubac,80,32.8,16.8,12.6,2.7,1.1,0.7
618,2025,Derrick White,76,33.9,16.4,4.5,4.8,1.1,0.9
619,2025,Malik Beasley,82,27.8,16.3,2.6,1.7,0.1,0.9
620,2025,Devin Vassell,64,31.0,16.3,4.0,2.9,0.5,1.3
621,2025,Bennedict Mathurin,72,29.8,16.1,5.3,1.9,0.3,0.7
622,2025,Myles Turner,72,30.2,15.6,6.5,1.5,2.0,0.8
623,2025,Christian Braun,79,33.9,15.4,5.2,2.6,0.5,1.1
624,2025,Kelly Oubre Jr.,60,34.6,15.1,6.1,1.8,0.5,1.5
625,2025,Kyle Kuzma,65,29.8,14.8,5.7,2.3,0.3,0.6
626,2025,Stephon Castle,81,26.7,14.7,3.7,4.1,0.3,0.9
627,2025,Josh Giddey,70,30.2,14.6,8.1,7.2,0.6,1.2
628,2025,Quentin Grimes,75,26.8,14.6,4.3,3.0,0.3,1.0
629,2025,Payton Pritchard,80,28.4,14.3,3.8,3.5,0.2,0.9
630,2025,Naz Reid,80,27.5,14.2,6.0,2.3,0.9,0.7
631,2025,Dyson Daniels,76,33.8,14.1,5.9,4.4,0.7,3.0
632,2025,Fred VanVleet,60,35.2,14.1,3.7,5.6,0.4,1.6
633,2025,Amen Thompson,69,32.2,14.1,8.2,3.8,1.3,1.4
634,2025,Dillon Brooks,75,31.8,14.0,3.7,1.7,0.2,0.8
635,2025,Klay Thompson,72,27.3,14.0,3.4,2.0,0.4,0.7
636,2025,Tobias Harris,73,31.6,13.7,5.9,2.2,0.8,1.0
637,2025,Josh Hart,77,37.6,13.6,9.6,5.9,0.4,1.5
638,2025,Jarrett Allen,82,28.0,13.5,9.7,1.9,0.9,0.9
639,2025,Onyeka Okongwu,74,27.9,13.4,8.9,2.3,0.9,0.9
640,2025,Russell Westbrook,75,27.9,13.3,4.9,6.1,0.5,1.4
641,2025,Naji Marshall,69,27.8,13.2,4.8,3.0,0.2,1.0
642,2025,Rui Hachimura,59,31.7,13.1,5.0,1.4,0.4,0.8
643,2025,Dennis Schroder,75,28.1,13.1,2.6,5.4,0.2,0.9
644,2025,Brook Lopez,80,31.8,13.0,5.0,1.8,1.9,0.6
645,2025,Alex Sarr,67,27.1,13.0,6.5,2.4,1.5,0.7
646,2025,Keldon Johnson,77,23.9,12.7,4.8,1.6,0.3,0.6
647,2025,Scoot Henderson,66,26.7,12.7,3.0,5.1,0.2,1.0
648,2025,D'Angelo Russell,58,25.5,12.6,2.8,5.1,0.4,1.0
649,2025,Zaccharie Risacher,75,24.6,12.6,3.6,1.2,0.5,0.7
650,2025,Ty Jerome,70,19.9,12.5,2.5,3.4,0.0,1.1
651,2025,Santi Aldama,65,25.5,12.5,6.4,2.9,0.4,0.8
652,2025,Keegan Murray,76,34.3,12.4,6.7,1.4,0.9,0.8
653,2025,Harrison Barnes,82,27.2,12.3,3.8,1.7,0.2,0.5
654,2025,Bilal Coulibaly,59,33.0,12.3,5.0,3.4,0.7,1.3
655,2025,Jaden McDaniels,82,31.9,12.2,5.7,2.0,0.9,1.3
656,2025,Caris LeVert,64,24.9,12.1,3.2,3.4,0.5,0.9
657,2025,Rudy Gobert,72,33.2,12.0,10.9,1.8,1.4,0.8
658,2025,Aaron Wiggins,76,22.9,12.0,3.9,1.8,0.2,0.8
659,2025,Jalen Duren,78,26.1,11.8,10.3,2.7,1.1,0.7
660,2025,Brandin Podziemski,64,26.8,11.7,5.1,3.4,0.2,1.1
661,2025,Donte DiVincenzo,62,25.9,11.7,3.7,3.6,0.3,1.2
662,2025,Corey Kispert,61,26.3,11.6,3.0,1.7,0.2,0.4
663,2025,Toumani Camara,78,32.7,11.3,5.8,2.2,0.6,1.5
664,2025,Gary Trent Jr.,74,25.6,11.1,2.3,1.2,0.1,1.0
665,2025,Buddy Hield,82,22.7,11.1,3.2,1.6,0.3,0.8
666,2025,Jrue Holiday,62,30.6,11.1,4.3,3.9,0.4,1.1
667,2025,Walker Kessler,58,30.0,11.1,12.2,1.7,2.4,0.6
668,2025,Duncan Robinson,74,24.1,11.0,2.3,2.4,0.1,0.5
669,2025,Spencer Dinwiddie,79,27.0,11.0,2.6,4.4,0.2,0.9
670,2025,Guerschon Yabusele,70,27.1,11.0,5.6,2.1,0.3,0.8
671,2025,Tim Hardaway Jr.,77,28.0,11.0,2.4,1.6,0.1,0.5
672,2025,Brice Sensabaugh,71,20.2,10.9,3.0,1.5,0.1,0.6
673,2025,Grayson Allen,64,24.1,10.6,3.0,2.1,0.3,0.8
674,2025,Keon Johnson,79,24.4,10.6,3.8,2.2,0.4,1.0
675,2025,Terry Rozier,64,25.9,10.6,3.7,2.6,0.2,0.6
676,2025,Obi Toppin,79,19.6,10.5,4.0,1.6,0.4,0.6
677,2025,Ochai Agbaji,64,27.2,10.4,3.8,1.5,0.5,0.9
678,2025,Jaylen Wells,79,25.9,10.4,3.4,1.7,0.1,0.6
679,2025,Jonas Valanciunas,81,18.8,10.4,7.7,2.0,0.6,0.5
680,2025,Nic Claxton,70,26.9,10.3,7.4,2.2,1.4,0.9
681,2025,Kevin Porter Jr.,75,19.8,10.3,3.7,3.4,0.2,1.1
682,2025,Tyus Jones,81,26.8,10.2,2.4,5.3,0.1,0.9
683,2025,Isaiah Joe,74,21.7,10.2,2.6,1.6,0.1,0.6
684,2025,Derrick Jones Jr.,77,24.3,10.1,3.4,0.8,0.4,1.0
685,2025,Luguentz Dort,71,29.2,10.1,4.1,1.6,0.5,1.1
686,2025,Ausar Thompson,59,22.5,10.1,5.1,2.3,0.7,1.7
687,2025,Andrew Nembhard,65,28.9,10.0,3.3,5.0,0.2,1.2
688,2025,Ziaire Williams,63,24.5,10.0,4.6,1.3,0.4,1.0
689,2025,Julian Champagnie,82,23.6,9.9,3.9,1.4,0.4,0.7
690,2025,Georges Niang,79,21.5,9.9,3.4,1.4,0.2,0.4
691,2025,Kevin Huerter,69,24.3,9.9,3.0,2.3,0.3,1.0
692,2025,Scotty Pippen Jr.,79,21.3,9.9,3.3,4.4,0.4,1.3
693,2025,Nick Smith Jr.,60,22.8,9.9,2.1,2.4,0.1,0.3
694,2025,Bub Carrington,82,30.0,9.8,4.2,4.4,0.3,0.7
695,2025,Moses Moody,74,22.3,9.8,2.6,1.3,0.4,0.8
696,2025,Amir Coffey,72,24.3,9.7,2.2,1.1,0.1,0.6
697,2025,Max Christie,78,27.3,9.6,3.3,1.9,0.4,0.8
698,2025,Kyle Filipowski,72,21.1,9.6,6.1,1.9,0.3,0.7
699,2025,Miles McBride,64,24.9,9.5,2.5,2.9,0.3,1.0
700,2025,Jalen Wilson,79,25.7,9.5,3.4,1.8,0.1,0.5
701,2025,Anthony Black,78,24.2,9.4,2.9,3.1,0.6,1.1
702,2025,Nickeil Alexander-Walker,82,25.3,9.4,3.2,2.7,0.4,0.6
703,2025,Cole Anthony,67,18.4,9.4,3.0,2.9,0.5,0.7
704,2025,Kel'el Ware,64,22.2,9.3,7.4,0.9,1.1,0.6
705,2025,Zach Edey,66,21.5,9.2,8.3,1.0,1.3,0.5
706,2025,T.J. McConnell,79,17.9,9.1,2.4,4.4,0.3,1.1
707,2025,Yves Missi,73,26.8,9.1,8.2,1.4,1.3,0.5
708,2025,Wendell Carter Jr.,68,25.9,9.1,7.2,2.0,0.6,0.8
709,2025,Royce O'Neale,75,24.5,9.1,4.7,2.2,0.4,0.9
710,2025,Dalton Knecht,78,19.2,9.1,2.8,0.8,0.1,0.3
711,2025,Julian Strawther,65,21.3,9.0,2.2,1.3,0.2,0.6
712,2025,Jared Butler,60,17.4,9.0,1.8,3.7,0.2,0.7
713,2025,Draymond Green,68,29.2,9.0,6.1,5.6,1.0,1.5
714,2025,Patrick Williams,63,25.0,9.0,3.8,2.0,0.5,0.8
715,2025,Al Horford,60,27.7,9.0,6.2,2.1,0.9,0.6
716,2025,Johnny Juzang,64,19.8,8.9,2.9,1.1,0.1,0.6
717,2025,Luke Kennard,65,22.6,8.9,2.8,3.3,0.1,0.8
718,2025,Chris Paul,82,28.0,8.8,3.6,7.4,0.3,1.3
719,2025,Justin Champagnie,62,21.6,8.8,5.7,1.0,0.6,1.0
720,2025,Kentavious Caldwell-Pope,77,29.6,8.7,2.2,1.8,0.4,1.3
721,2025,Tyrese Martin,60,21.9,8.7,3.7,2.0,0.2,0.6
722,2025,Dorian Finney-Smith,63,28.9,8.7,3.9,1.4,0.4,0.9
723,2025,Kyshawn George,68,26.5,8.7,4.2,2.5,0.7,1.0
724,2025,Isaiah Collier,71,25.9,8.7,3.3,6.3,0.2,0.9
725,2025,Jaime Jaquez Jr.,66,20.7,8.6,4.4,2.5,0.2,0.9
726,2025,Matas Buzelis,80,18.9,8.6,3.5,1.0,0.9,0.4
727,2025,Sam Hauser,71,21.7,8.5,3.2,0.9,0.2,0.6
728,2025,Cason Wallace,68,27.6,8.4,3.4,2.5,0.5,1.8
729,2025,Brandon Clarke,64,18.9,8.3,5.1,1.0,0.6,0.8
730,2025,Dalano Banton,67,16.7,8.3,2.0,2.4,0.5,0.6
731,2025,Keon Ellis,80,24.4,8.3,2.7,1.5,0.8,1.5
732,2025,Taurean Prince,80,27.1,8.2,3.6,1.9,0.2,1.0
733,2025,Mike Conley,71,24.7,8.2,2.6,4.5,0.2,1.1
734,2025,Jalen Smith,64,15.0,8.2,5.6,1.0,0.7,0.3
735,2025,Peyton Watson,68,24.4,8.1,3.4,1.4,1.4,0.7
736,2025,Davion Mitchell,74,27.4,7.9,2.3,4.9,0.2,1.0
737,2025,Terance Mann,67,21.1,7.7,3.0,1.8,0.2,0.7
738,2025,Josh Green,68,27.8,7.4,2.5,1.6,0.2,1.1
739,2025,AJ Green,73,22.7,7.4,2.4,1.5,0.1,0.5
740,2025,Ricky Council IV,73,17.1,7.3,2.9,1.3,0.2,0.4
741,2025,Tristan da Silva,74,22.0,7.2,3.3,1.5,0.2,0.4
742,2025,Goga Bitadze,70,20.4,7.2,6.6,2.0,1.4,0.7
743,2025,Sam Merrill,71,19.7,7.2,2.2,1.5,0.2,0.7
744,2025,Jamal Shead,75,19.6,7.1,1.5,4.2,0.1,0.8
745,2025,Jamison Battle,59,17.7,7.1,2.7,0.9,0.2,0.3
746,2025,Cameron Payne,72,15.1,6.9,1.4,2.8,0.2,0.5
747,2025,Jake LaRavia,66,20.4,6.9,3.9,2.4,0.3,0.9
748,2025,Ryan Dunn,74,19.1,6.9,3.6,0.8,0.5,0.6
749,2025,Jay Huff,64,11.7,6.9,2.0,0.6,0.9,0.3
750,2025,Trayce Jackson-Davis,62,15.6,6.6,5.0,1.7,0.6,0.4
751,2025,Trey Lyles,69,19.6,6.5,4.6,1.2,0.3,0.6
752,2025,Talen Horton-Tucker,58,12.5,6.5,1.7,1.4,0.2,0.4
753,2025,Seth Curry,68,15.6,6.5,1.7,0.9,0.1,0.4
754,2025,Donovan Clingan,67,19.8,6.5,7.9,1.1,1.6,0.5
755,2025,Thomas Bryant,66,14.6,6.5,3.8,0.8,0.6,0.4
756,2025,Haywood Highsmith,74,24.6,6.5,3.4,1.5,0.5,0.9
757,2025,Gary Payton II,62,15.0,6.5,3.0,1.3,0.3,0.8
758,2025,Ronald Holland II,81,15.6,6.4,2.7,1.0,0.2,0.6
759,2025,Kris Dunn,74,24.1,6.4,3.4,2.8,0.4,1.7
760,2025,Gabe Vincent,72,21.2,6.4,1.3,1.4,0.2,0.7
761,2025,Zach Collins,64,15.3,6.4,4.5,1.7,0.5,0.5
762,2025,Jeremiah Robinson-Earl,66,18.8,6.3,4.8,1.3,0.1,0.6
763,2025,Kenrich Williams,69,16.4,6.3,3.5,1.4,0.1,0.6
764,2025,Sandro Mamukelashvili,61,11.2,6.3,3.1,0.8,0.3,0.4
765,2025,Jonathan Mogbo,63,20.4,6.2,4.9,2.3,0.5,0.9
766,2025,Jarace Walker,75,15.8,6.1,3.1,1.5,0.3,0.7
767,2025,Isaiah Stewart,72,19.9,6.0,5.5,1.7,1.4,0.4
768,2025,Luke Kornet,73,18.6,6.0,5.3,1.6,1.0,0.5
769,2025,Simone Fontecchio,75,16.5,5.9,2.9,0.9,0.2,0.4
770,2025,Tidjane Salaun,60,20.7,5.9,4.7,1.2,0.2,0.5
771,2025,Kyle Anderson,61,16.4,5.9,3.4,2.4,0.5,0.7
772,2025,Adem Bona,58,15.6,5.8,4.2,0.5,1.2,0.4
773,2025,Moussa Diabate,71,17.5,5.7,6.2,0.8,0.6,0.6
774,2025,Aaron Holiday,62,12.8,5.5,1.3,1.3,0.2,0.3
775,2025,Dean Wade,59,21.2,5.4,4.2,1.3,0.3,0.7
776,2025,Jonathan Isaac,71,15.4,5.4,4.4,0.6,1.1,0.9
777,2025,Ben Sheppard,63,19.5,5.3,2.8,1.3,0.2,0.6
778,2025,Jabari Walker,60,12.5,5.2,3.5,0.6,0.1,0.6
779,2025,Javonte Green,68,18.5,5.1,3.2,0.8,0.5,1.0
780,2025,Neemias Queta,62,13.9,5.0,3.8,0.7,0.7,0.3
781,2025,Julian Phillips,79,14.2,4.6,2.1,0.5,0.3,0.5
782,2025,Drew Eubanks,61,12.2,4.6,3.7,0.9,0.6,0.2
783,2025,Kevon Looney,76,15.0,4.5,6.1,1.6,0.5,0.6
784,2025,Mason Plumlee,74,17.6,4.5,6.1,1.8,0.6,0.4
785,2025,Dalen Terry,73,13.5,4.5,1.7,1.3,0.2,0.6
786,2025,Jett Howard,60,11.7,4.5,1.2,0.7,0.2,0.2
787,2025,Oso Ighodaro,61,17.1,4.2,3.6,1.2,0.5,0.5
788,2025,Kris Murray,69,15.1,4.2,2.6,1.0,0.2,0.5
789,2025,Caleb Houstan,58,13.6,4.1,1.3,0.6,0.1,0.4
790,2025,Nicolas Batum,78,17.5,4.0,2.8,1.1,0.5,0.7
791,2025,Steven Adams,58,13.7,3.9,5.6,1.1,0.5,0.4
792,2025,Blake Wesley,58,11.8,3.7,1.1,2.0,0.1,0.6
793,2025,Andre Jackson Jr.,67,14.6,3.4,2.7,1.2,0.2,0.5
794,2025,Luka Doncic,50,35.4,28.2,8.2,7.7,0.4,1.8
795,2025,Tyrese Maxey,52,37.7,26.3,3.3,6.1,0.4,1.8
796,2025,Paolo Banchero,46,34.4,25.9,7.5,4.8,0.6,0.8
797,2025,LaMelo Ball,47,32.0,25.2,4.9,7.4,0.3,1.1
798,2025,Anthony Davis,51,33.4,24.7,11.6,3.5,2.2,1.2
799,2025,Kyrie Irving,50,36.1,24.7,4.8,4.6,0.5,1.3
800,2025,Zion Williamson,30,28.6,24.6,7.2,5.3,0.9,1.2
801,2025,Victor Wembanyama,46,33.2,24.3,11.0,3.7,3.8,1.1
802,2025,Cam Thomas,25,31.2,24.0,3.3,3.8,0.1,0.6
803,2025,Joel Embiid,19,30.2,23.8,8.2,4.5,0.9,0.7
804,2025,Ja Morant,50,30.4,23.2,4.1,7.3,0.2,1.2
805,2025,Brandon Ingram,18,33.1,22.2,5.6,5.2,0.6,0.9
806,2025,Kawhi Leonard,37,31.9,21.5,5.9,3.1,0.5,1.6
807,2025,Trey Murphy III,53,35.0,21.2,5.1,3.5,0.7,1.1
808,2025,CJ McCollum,56,32.7,21.1,3.8,4.1,0.4,0.8
809,2025,Brandon Miller,27,34.2,21.0,4.9,3.6,0.7,1.1
810,2025,Kristaps Porzingis,42,28.8,19.5,6.8,2.1,1.5,0.7
811,2025,Lauri Markkanen,47,31.4,19.0,5.9,1.5,0.4,0.7
812,2025,John Collins,40,30.5,19.0,8.2,2.0,1.0,1.0
813,2025,Jalen Johnson,36,35.7,18.9,10.0,5.0,1.0,1.6
814,2025,Cameron Johnson,57,31.6,18.8,4.3,3.4,0.4,0.9
815,2025,Jaden Ivey,30,29.9,17.6,4.1,4.0,0.4,0.9
816,2025,Jimmy Butler III,55,31.7,17.5,5.4,5.4,0.3,1.4
817,2025,Dejounte Murray,31,32.6,17.5,6.5,7.4,0.4,2.0
818,2025,Immanuel Quickley,33,27.8,17.1,3.5,5.8,0.1,0.7
819,2025,Bradley Beal,53,32.1,17.0,3.3,3.7,0.5,1.1
820,2025,Paul George,41,32.5,16.2,5.3,4.3,0.5,1.8
821,2025,Jordan Clarkson,37,26.0,16.2,3.2,3.7,0.2,0.8
822,2025,Jalen Suggs,35,28.6,16.2,4.0,3.7,0.9,1.5
823,2025,Jared McCain,23,25.7,15.3,2.4,2.6,0.0,0.7
824,2025,Jonathan Kuminga,47,24.3,15.3,4.6,2.2,0.4,0.8
825,2025,Mark Williams,44,26.6,15.3,10.2,2.5,1.2,0.7
826,2025,Chet Holmgren,32,27.4,15.0,8.0,2.0,2.2,0.7
827,2025,Aaron Gordon,51,28.4,14.7,4.8,3.2,0.3,0.5
828,2025,P.J. Washington,57,32.2,14.7,7.8,2.3,1.1,1.1
829,2025,Jakob Poeltl,57,29.6,14.5,9.6,2.8,1.2,1.2
830,2025,Jerami Grant,47,32.4,14.4,3.5,2.1,1.0,0.9
831,2025,Deandre Ayton,40,30.2,14.4,10.2,1.6,1.0,0.8
832,2025,Gradey Dick,54,29.4,14.4,3.6,1.8,0.2,0.9
833,2025,Tre Mann,13,24.5,14.1,2.9,3.0,0.3,0.5
834,2025,Tolu Smith,1,22.0,14.0,8.0,0.0,0.0,0.0
835,2025,Bobby Portis,49,25.4,13.9,8.4,2.1,0.5,0.7
836,2025,Moritz Wagner,30,18.8,12.9,4.9,1.4,0.4,0.8
837,2025,Malcolm Brogdon,24,23.5,12.7,3.8,4.1,0.2,0.5
838,2025,Lonnie Walker IV,20,23.9,12.4,3.2,2.5,0.3,0.5
839,2025,Ayo Dosunmu,46,30.3,12.3,3.5,4.5,0.4,0.9
840,2025,Daniel Gafford,57,21.5,12.3,6.8,1.4,1.8,0.4
841,2025,Jabari Smith Jr.,57,30.1,12.2,7.0,1.1,0.7,0.4
842,2025,Drew Timme,9,28.2,12.1,7.2,2.2,0.1,0.4
843,2025,Tari Eason,57,24.9,12.0,6.4,1.5,0.9,1.7
844,2025,Aaron Nesmith,45,24.9,12.0,4.0,1.2,0.4,0.8
845,2025,Khris Middleton,37,22.8,11.9,3.7,4.1,0.2,0.9
846,2025,Jeremy Sochan,54,25.3,11.4,6.5,2.4,0.5,0.8
847,2025,Isaiah Hartenstein,57,27.9,11.2,10.7,3.8,1.1,0.8
848,2025,Bogdan Bogdanovic,54,25.0,10.8,2.9,2.7,0.2,0.8
849,2025,Jordan Hawkins,56,23.6,10.8,2.8,1.2,0.4,0.5
850,2025,Nikola Jovic,46,25.1,10.7,3.9,2.8,0.3,0.8
851,2025,Brandon Boston,42,23.6,10.7,3.2,2.2,0.2,1.3
852,2025,Grant Williams,16,29.9,10.4,5.1,2.3,0.8,1.1
853,2025,Jose Alvarado,56,24.4,10.3,2.4,4.6,0.3,1.3
854,2025,De'Anthony Melton,6,20.2,10.3,3.3,2.8,0.3,1.2
855,2025,Herbert Jones,20,32.4,10.3,3.9,3.3,0.5,1.9
856,2025,Trendon Watford,44,20.8,10.2,3.6,2.6,0.3,0.6
857,2025,Keion Brooks Jr.,14,23.7,10.1,4.1,0.9,0.7,0.7
858,2025,Justin Edwards,44,26.3,10.1,3.4,1.6,0.4,1.0
859,2025,Chris Boucher,50,17.2,10.0,4.5,0.7,0.5,0.5
860,2025,Tosan Evbuomwan,28,23.8,9.5,4.3,2.0,0.4,0.9
861,2025,Tristan Vukcevic,35,14.7,9.4,3.7,1.1,0.7,0.3
862,2025,Max Strus,50,25.5,9.4,4.3,3.2,0.2,0.5
863,2025,Cam Whitmore,51,16.2,9.4,3.0,1.0,0.3,0.6
864,2025,Nick Richards,57,22.0,9.3,8.2,0.9,1.0,0.2
865,2025,Noah Clowney,46,22.7,9.1,3.9,0.9,0.5,0.5
866,2025,A.J. Lawson,26,18.7,9.1,3.3,1.2,0.2,0.5
867,2025,Killian Hayes,6,27.0,9.0,3.0,5.2,0.7,0.7
868,2025,Marcus Smart,34,20.0,9.0,2.1,3.2,0.3,1.1
869,2025,Jusuf Nurkic,51,20.8,8.9,7.8,2.3,0.7,0.8
870,2025,Clint Capela,55,21.4,8.9,8.5,1.1,1.0,0.6
871,2025,Svi Mykhailiuk,38,20.0,8.8,2.4,2.0,0.2,0.5
872,2025,Kelly Olynyk,44,20.3,8.7,4.7,2.9,0.4,0.8
873,2025,Dereck Lively II,36,23.1,8.7,7.5,2.4,1.6,0.6
874,2025,Jaden Hardy,57,15.9,8.7,1.6,1.4,0.1,0.5
875,2025,Dante Exum,20,18.6,8.7,1.7,2.8,0.2,0.6
876,2025,Oshae Brissett,6,23.7,8.7,3.7,0.7,0.5,0.7
877,2025,Ja'Kobe Walter,52,21.2,8.6,3.1,1.6,0.2,0.8
878,2025,Larry Nance Jr.,24,19.3,8.5,4.3,1.6,0.5,0.8
879,2025,Jared Rhoden,14,16.1,8.4,3.0,1.1,0.1,0.7
880,2025,Jaylen Nowell,8,21.0,8.4,2.5,2.3,0.5,0.1
881,2025,Brandon Williams,33,14.8,8.3,1.8,2.3,0.2,0.7
882,2025,Bruce Brown,41,22.5,8.3,4.0,2.0,0.2,0.8
883,2025,Quinten Post,42,16.3,8.1,3.5,1.3,0.4,0.4
884,2025,Day'Ron Sharpe,50,18.1,7.9,6.6,1.8,0.8,0.8
885,2025,Caleb Martin,45,27.1,7.9,3.9,2.1,0.5,1.0
886,2025,Tyson Etienne,7,21.6,7.9,1.3,1.7,0.1,0.4
887,2025,KJ Simpson,36,23.4,7.8,3.0,3.1,0.2,0.9
888,2025,Karlo Matkovic,42,18.8,7.7,5.0,1.1,1.0,0.5
889,2025,Oscar Tshiebwe,14,18.2,7.6,8.7,0.6,0.1,0.9
890,2025,Lonzo Ball,35,22.2,7.6,3.4,3.3,0.5,1.3
891,2025,AJ Johnson,29,22.0,7.6,2.0,2.6,0.1,0.4
892,2025,Garrison Mathews,47,17.7,7.5,1.9,1.3,0.3,0.6
893,2025,Matisse Thybulle,15,20.8,7.5,3.5,1.9,0.6,2.2
894,2025,Richaun Holmes,31,17.2,7.4,5.7,1.4,0.7,0.3
895,2025,Andre Drummond,40,18.8,7.3,7.8,0.9,0.5,1.0
896,2025,Damion Baugh,15,24.7,7.3,3.3,3.7,0.1,1.0
897,2025,Alec Burks,49,17.6,7.3,2.5,1.1,0.1,0.6
898,2025,Vit Krejci,57,20.2,7.2,2.7,2.6,0.5,0.6
899,2025,GG Jackson,29,15.8,7.2,3.2,1.0,0.2,0.4
900,2025,Nae'Qwan Tomlin,5,12.6,7.2,4.2,0.4,0.2,0.0
901,2025,Tre Jones,46,19.7,7.2,2.5,4.2,0.2,0.8
902,2025,Daeqwon Plowden,6,12.0,7.2,1.8,0.3,0.0,0.0
903,2025,Josh Okogie,40,15.6,7.1,2.8,0.8,0.5,1.2
904,2025,Alex Caruso,54,19.3,7.1,2.9,2.5,0.6,1.6
905,2025,Jalen Hood-Schifino,15,21.0,7.1,1.8,2.5,0.5,0.3
906,2025,Marcus Garrett,4,19.8,7.0,1.5,3.3,0.5,0.8
907,2025,Jaylen Sims,6,18.7,7.0,1.0,2.0,0.2,0.5
908,2025,Isaiah Jackson,5,16.8,7.0,5.6,1.0,1.6,0.6
909,2025,Jeff Dowtin Jr.,41,15.1,7.0,1.5,1.9,0.3,0.6
910,2025,Antonio Reeves,44,15.0,6.9,1.4,0.9,0.1,0.5
911,2025,Orlando Robinson,44,17.5,6.9,5.0,1.8,0.4,0.4
912,2025,Jaxson Hayes,56,19.5,6.8,4.8,1.0,0.9,0.6
913,2025,Eric Gordon,39,19.7,6.8,1.2,1.7,0.3,0.7
914,2025,Bol Bol,36,12.4,6.8,2.9,0.6,0.7,0.3
915,2025,Cody Martin,53,22.1,6.8,4.2,2.0,0.6,1.1
916,2025,DaQuan Jeffries,47,22.8,6.7,2.9,1.1,0.5,0.6
917,2025,Marcus Bagley,10,25.3,6.7,7.0,1.0,1.2,0.9
918,2025,Precious Achiuwa,57,20.5,6.6,5.6,1.0,0.7,0.8
919,2025,Vince Williams Jr.,27,18.5,6.6,3.6,2.0,0.3,0.4
920,2025,Lester Quinones,13,14.1,6.6,1.5,1.8,0.2,0.2
921,2025,Marcus Sasser,57,14.2,6.6,1.2,2.3,0.1,0.6
922,2025,Vasilije Micic,41,19.1,6.6,2.2,3.1,0.0,0.4
923,2025,Ajay Mitchell,36,16.6,6.5,1.9,1.8,0.1,0.7
924,2025,KJ Martin,43,21.2,6.4,2.9,1.1,0.5,0.4
925,2025,Ryan Rollins,56,14.6,6.2,1.9,1.9,0.3,0.8
926,2025,Dru Smith,14,19.1,6.2,2.6,1.6,0.4,1.5
927,2025,Bones Hyland,24,10.0,6.2,1.0,1.3,0.2,0.8
928,2025,Isaac Okoro,55,19.1,6.1,2.4,1.2,0.3,0.6
929,2025,Isaiah Wong,20,13.3,6.0,1.6,1.4,0.0,0.6
930,2025,James Wiseman,1,5.0,6.0,1.0,0.0,0.0,0.0
931,2025,Isaiah Mobley,1,17.0,6.0,4.0,5.0,1.0,1.0
932,2025,N'Faly Dante,4,12.8,6.0,5.3,0.5,1.3,0.3
933,2025,Mouhamed Gueye,33,16.2,6.0,4.2,0.8,1.0,0.8
934,2025,Jaylin Williams,47,16.7,5.9,5.6,2.6,0.6,0.5
935,2025,Cole Swider,10,17.0,5.9,2.7,0.3,0.2,0.4
936,2025,Chuma Okeke,9,21.9,5.9,5.2,1.7,0.4,0.6
937,2025,Collin Gillespie,33,14.0,5.9,2.4,2.4,0.2,0.6
938,2025,Moses Brown,13,9.2,5.8,3.4,0.2,0.3,0.5
939,2025,Robert Williams III,20,17.6,5.8,5.9,1.1,1.7,0.7
940,2025,Quenton Jackson,28,13.6,5.8,1.6,1.9,0.2,0.8
941,2025,Landry Shamet,50,15.2,5.7,1.2,0.5,0.0,0.5
942,2025,Dariq Whitehead,20,12.3,5.7,1.5,0.6,0.1,0.3
943,2025,Jordan Goodwin,29,18.7,5.6,3.9,1.4,0.4,1.0
944,2025,Shake Milton,57,14.7,5.5,1.8,1.8,0.1,0.4
945,2025,Keaton Wallace,31,16.2,5.4,1.6,2.6,0.3,0.9
946,2025,Jeff Green,32,12.4,5.4,1.8,0.6,0.1,0.2
947,2025,Kevin Love,23,10.9,5.3,4.1,1.0,0.2,0.7
948,2025,Kobe Bufkin,10,12.4,5.3,2.1,1.7,0.2,0.3
949,2025,Jamal Cain,37,13.6,5.3,2.3,0.6,0.2,0.6
950,2025,Pat Connaughton,41,14.7,5.3,2.7,1.7,0.3,0.2
951,2025,Monte Morris,45,12.7,5.2,1.5,1.6,0.1,0.4
952,2025,Bismack Biyombo,28,18.8,5.1,5.6,1.1,0.8,0.6
953,2025,Mitchell Robinson,17,17.1,5.1,5.9,0.8,1.1,0.9
954,2025,Alex Reese,15,14.4,5.1,3.1,0.3,0.7,0.7
955,2025,Ben Simmons,51,22.0,5.0,4.7,5.6,0.5,0.7
956,2025,Malaki Branham,47,9.1,5.0,1.1,0.8,0.0,0.2
957,2025,Alondes Williams,1,4.0,5.0,0.0,1.0,0.0,0.0
958,2025,Kai Jones,40,11.7,5.0,3.1,0.6,0.6,0.4
959,2025,Lindy Waters III,52,15.0,4.9,2.1,1.0,0.2,0.5
960,2025,Trevelin Queen,31,13.9,4.9,1.7,1.2,0.3,1.0
961,2025,Jaylen Martin,16,14.9,4.9,2.8,1.1,0.0,0.6
962,2025,Jock Landale,42,11.9,4.8,3.3,0.9,0.2,0.3
963,2025,Colin Castleton,26,16.6,4.7,4.7,1.1,0.4,0.3
964,2025,Taylor Hendricks,3,25.0,4.7,5.0,0.7,1.3,1.7
965,2025,David Roddy,33,12.4,4.6,2.5,1.1,0.3,0.4
966,2025,Cody Williams,50,21.2,4.6,2.3,1.2,0.3,0.5
967,2025,Pelle Larsson,55,14.2,4.6,1.7,1.2,0.1,0.6
968,2025,Rob Dillingham,49,10.5,4.5,1.0,2.0,0.0,0.4
969,2025,Reed Sheppard,52,12.6,4.4,1.5,1.4,0.3,0.7
970,2025,Reggie Jackson,31,12.4,4.4,1.4,1.5,0.1,0.5
971,2025,Marvin Bagley III,31,8.5,4.4,2.7,0.4,0.3,0.3
972,2025,Charles Bassey,36,10.4,4.4,4.2,0.5,0.8,0.4
973,2025,Tony Bradley,14,8.1,4.4,3.0,0.4,0.6,0.1
974,2025,Lamar Stevens,17,9.2,4.4,2.2,0.5,0.2,0.3
975,2025,Mo Bamba,32,12.9,4.3,4.5,0.6,1.0,0.3
976,2025,Terrence Shannon Jr.,32,10.6,4.3,1.5,1.0,0.2,0.2
977,2025,Daniel Theis,38,16.3,4.3,4.3,1.6,0.5,0.5
978,2025,Micah Potter,38,18.6,4.3,4.3,0.8,0.4,0.4
979,2025,Jevon Carter,36,8.9,4.3,1.1,1.1,0.1,0.4
980,2025,Cam Spencer,25,10.1,4.2,1.2,1.4,0.0,0.4
981,2025,Dominick Barlow,35,10.7,4.2,2.4,0.5,0.5,0.3
982,2025,Duop Reath,46,10.2,4.2,2.0,0.6,0.3,0.3
983,2025,Kessler Edwards,40,15.2,4.2,2.9,1.1,0.5,0.5
984,2025,Wendell Moore Jr.,36,13.9,4.2,2.6,1.2,0.1,0.6
985,2025,Torrey Craig,26,12.1,4.2,2.8,0.7,0.5,0.3
986,2025,Maxwell Lewis,28,11.7,4.1,2.0,0.7,0.3,0.3
987,2025,Jordan Miller,37,11.4,4.1,1.6,0.9,0.1,0.5
988,2025,Paul Reed,45,9.7,4.1,2.7,1.0,0.6,0.9
989,2025,Jarred Vanderbilt,36,16.1,4.1,5.1,1.1,0.3,1.0
990,2025,Jalen Pickett,49,13.6,4.1,1.4,2.2,0.1,0.4
991,2025,Jaylen Clark,40,13.1,4.1,1.3,0.7,0.1,0.9
992,2025,Gui Santos,56,13.6,4.1,3.1,1.4,0.2,0.4
993,2025,Colby Jones,39,13.2,4.0,2.2,1.1,0.3,0.7
994,2025,Josh Richardson,8,18.6,4.0,1.5,1.5,0.1,1.0
995,2025,Malachi Flynn,4,11.0,4.0,1.8,1.8,0.0,0.8
996,2025,Ron Harper Jr.,1,17.0,4.0,7.0,2.0,0.0,0.0
997,2025,Kyle Lowry,35,18.8,3.9,1.9,2.7,0.3,0.9
998,2025,Olivier-Maxence Prosper,52,11.2,3.9,2.4,0.8,0.1,0.5
999,2025,Ousmane Dieng,37,10.9,3.8,2.2,0.8,0.2,0.5
1000,2025,Devin Carter,36,11.0,3.8,2.1,1.1,0.1,0.6
1001,2025,Patty Mills,29,11.1,3.8,0.8,0.9,0.1,0.4
1002,2025,Branden Carlson,32,7.7,3.8,1.7,0.4,0.7,0.2
1003,2025,Markieff Morris,15,10.9,3.7,1.5,1.4,0.2,0.1
1004,2025,DeAndre Jordan,56,12.3,3.7,5.1,0.9,0.5,0.3
1005,2025,Emoni Bates,10,7.5,3.7,0.7,0.8,0.1,0.1
1006,2025,Craig Porter Jr.,51,10.1,3.7,1.3,1.4,0.3,0.3
1007,2025,Jackson Rowe,6,8.7,3.7,1.8,0.7,0.0,0.7
1008,2025,Baylor Scheierman,31,12.4,3.6,2.1,1.1,0.1,0.5
1009,2025,Jae'Sean Tate,52,11.3,3.6,2.3,0.9,0.1,0.5
1010,2025,Jaylon Tyson,47,9.6,3.6,2.0,0.9,0.1,0.3
1011,2025,JT Thor,20,12.5,3.6,2.4,0.3,0.5,0.4
1012,2025,Elfrid Payton,24,21.3,3.5,3.3,6.9,0.5,1.0
1013,2025,Cory Joseph,50,12.2,3.5,1.5,1.4,0.1,0.5
1014,2025,Luka Garza,39,5.6,3.5,1.4,0.3,0.1,0.2
1015,2025,Doug McDermott,42,8.1,3.5,0.5,0.2,0.0,0.1
1016,2025,Dario Saric,16,13.1,3.5,3.1,1.4,0.1,0.4
1017,2025,Bruno Fernando,17,8.6,3.4,3.0,1.1,0.5,0.2
1018,2025,Jamaree Bouyea,5,12.4,3.4,1.0,2.0,0.4,0.8
1019,2025,Isaac Jones,40,7.6,3.4,1.4,0.3,0.3,0.1
1020,2025,Damion Lee,25,5.8,3.3,0.8,0.4,0.0,0.2
1021,2025,Kevin Knox II,14,6.0,3.3,1.2,0.4,0.3,0.1
1022,2025,Nate Williams,20,7.4,3.3,0.7,0.5,0.2,0.4
1023,2025,Zeke Nnaji,57,10.7,3.2,1.6,0.4,0.7,0.4
1024,2025,Elijah Harkless,10,13.8,3.2,2.1,0.8,0.1,1.0
1025,2025,Cam Reddish,33,17.8,3.2,2.0,0.7,0.3,1.0
1026,2025,Delon Wright,40,15.9,3.1,1.7,1.9,0.3,0.9
1027,2025,Kylor Kelley,11,11.5,3.1,3.5,0.5,0.3,0.1
1028,2025,Maxi Kleber,34,18.7,3.0,2.8,1.3,0.5,0.3
1029,2025,Gary Harris,48,14.8,3.0,1.3,0.6,0.3,0.5
1030,2025,P.J. Tucker,3,19.3,3.0,2.7,0.0,0.3,0.3
1031,2025,Taze Moore,2,10.0,3.0,4.0,0.5,0.0,1.0
1032,2025,Rayan Rupert,52,8.8,3.0,1.3,0.5,0.1,0.3
1033,2025,Pete Nance,13,10.6,2.9,1.6,0.8,0.2,0.2
1034,2025,Tyler Smith,23,5.3,2.9,1.1,0.2,0.2,0.1
1035,2025,Markelle Fultz,21,8.8,2.9,1.0,1.3,0.1,0.5
1036,2025,Taj Gibson,37,11.1,2.9,3.2,0.6,0.5,0.2
1037,2025,RayJ Dennis,11,6.4,2.7,1.1,1.3,0.2,0.6
1038,2025,Keshad Johnson,16,6.1,2.7,1.8,0.3,0.3,0.3
1039,2025,David Duke Jr.,6,5.7,2.7,0.8,0.7,0.0,0.2
1040,2025,Hunter Tyson,51,7.8,2.6,1.5,0.4,0.1,0.2
1041,2025,Josh Minott,46,6.0,2.6,1.0,0.4,0.3,0.3
1042,2025,Reece Beekman,36,13.0,2.6,1.1,1.8,0.1,0.9
1043,2025,Jae Crowder,9,11.4,2.6,2.2,0.7,0.0,0.3
1044,2025,Jaden Springer,43,8.5,2.5,1.3,0.8,0.1,0.6
1045,2025,Anthony Gill,51,7.8,2.5,1.3,0.3,0.0,0.2
1046,2025,Pat Spencer,39,6.4,2.5,1.2,1.2,0.1,0.4
1047,2025,Trey Jemison III,38,10.3,2.5,2.8,0.4,0.4,0.2
1048,2025,Dillon Jones,54,10.2,2.5,2.2,1.1,0.1,0.3
1049,2025,John Konchar,46,12.1,2.4,3.3,0.9,0.3,0.7
1050,2025,Christian Koloko,37,9.2,2.4,2.5,0.4,0.4,0.2
1051,2025,Johnny Davis,34,7.1,2.4,1.1,0.3,0.2,0.4
1052,2025,Miles Norris,3,11.7,2.3,3.0,0.0,0.3,0.7
1053,2025,Mason Jones,10,4.5,2.3,0.9,1.1,0.1,0.0
1054,2025,Bronny James,27,6.7,2.3,0.7,0.8,0.1,0.3
1055,2025,MarJon Beauchamp,35,4.5,2.3,1.3,0.3,0.0,0.1
1056,2025,Patrick Baldwin Jr.,24,4.5,2.2,1.0,0.1,0.1,0.1
1057,2025,TyTy Washington Jr.,16,7.4,2.2,0.8,1.0,0.0,0.2
1058,2025,Drew Peterson,25,7.4,2.2,1.6,0.5,0.1,0.2
1059,2025,Jordan McLaughlin,46,6.8,2.1,0.7,1.1,0.0,0.3
1060,2025,Chris Duarte,17,4.4,2.1,1.2,0.5,0.0,0.0
1061,2025,Enrique Freeman,22,8.2,2.1,1.4,0.4,0.1,0.1
1062,2025,Dwight Powell,55,10.0,2.1,2.1,1.0,0.4,0.3
1063,2025,JD Davison,16,5.8,2.1,0.8,0.8,0.1,0.3
1064,2025,Johnny Furphy,50,7.6,2.1,1.4,0.4,0.2,0.4
1065,2025,Josh Christopher,14,4.9,2.0,0.6,0.6,0.2,0.4
1066,2025,Adama Sanogo,4,5.3,2.0,1.5,0.3,0.0,0.0
1067,2025,Tyler Kolek,41,7.2,2.0,0.7,1.7,0.1,0.3
1068,2025,Kobe Brown,40,6.8,1.9,1.6,0.6,0.1,0.2
1069,2025,Ariel Hukporti,25,8.7,1.9,2.0,0.4,0.6,0.0
1070,2025,Garrett Temple,28,8.1,1.9,1.0,1.1,0.1,0.6
1071,2025,Bobi Klintman,8,5.3,1.9,0.9,0.9,0.1,0.3
1072,2025,Jericho Sims,53,11.9,1.8,3.7,0.6,0.4,0.2
1073,2025,Vlatko Cancar,13,10.5,1.8,2.5,0.7,0.2,0.2
1074,2025,Jahmir Young,6,5.0,1.8,0.5,1.0,0.0,0.0
1075,2025,Trentyn Flowers,6,4.5,1.8,0.7,0.0,0.0,0.0
1076,2025,Adam Flagler,37,5.5,1.8,0.7,0.3,0.1,0.2
1077,2025,E.J. Liddell,12,4.4,1.8,0.8,0.3,0.1,0.1
1078,2025,PJ Hall,19,3.5,1.7,1.2,0.2,0.2,0.0
1079,2025,Tristan Thompson,40,8.2,1.7,3.4,0.6,0.3,0.1
1080,2025,Alex Ducas,21,6.0,1.7,1.2,0.2,0.0,0.2
1081,2025,Emanuel Miller,6,4.2,1.7,1.3,0.3,0.0,0.2
1082,2025,Pacome Dadiet,18,6.2,1.7,1.0,0.3,0.1,0.2
1083,2025,Yuki Kawamura,22,4.2,1.6,0.5,0.9,0.0,0.1
1084,2025,Alex Len,46,8.3,1.6,2.1,0.8,0.5,0.2
1085,2025,Phillip Wheeler,5,8.8,1.6,1.6,0.4,0.4,0.2
1086,2025,Jordan Walsh,52,7.8,1.6,1.3,0.4,0.2,0.2
1087,2025,Jack McVeigh,9,4.8,1.6,0.6,0.1,0.2,0.0
1088,2025,Armel Traore,9,7.4,1.6,1.7,0.1,0.2,0.4
1089,2025,Leonard Miller,13,2.5,1.5,0.8,0.0,0.1,0.2
1090,2025,Kevin McCullar Jr.,4,7.3,1.5,2.0,0.5,0.3,0.3
1091,2025,Quincy Olivari,2,5.0,1.5,0.0,0.5,0.0,0.0
1092,2025,Jazian Gortman,16,3.6,1.5,0.3,0.4,0.1,0.1
1093,2025,Matt Ryan,19,3.6,1.5,0.4,0.2,0.0,0.1
1094,2025,Sidy Cissoko,22,5.2,1.5,1.0,0.7,0.0,0.1
1095,2025,Chris Livingston,21,5.0,1.4,1.7,0.2,0.0,0.2
1096,2025,Cam Christie,13,4.5,1.4,0.9,0.5,0.1,0.4
1097,2025,Jacob Toppin,17,4.4,1.4,0.9,0.4,0.0,0.1
1098,2025,Trey Alexander,24,4.9,1.3,0.5,0.5,0.0,0.1
1099,2025,Spencer Jones,20,6.3,1.3,0.9,0.3,0.3,0.3
1100,2025,Skal Labissiere,4,3.0,1.3,0.8,0.3,0.0,0.0
1101,2025,Jalen Bridges,8,3.8,1.1,0.5,0.0,0.0,0.0
1102,2025,Xavier Tillman,33,7.0,1.0,1.3,0.2,0.2,0.3
1103,2025,Braxton Key,3,3.7,1.0,0.7,0.0,0.0,0.7
1104,2025,Yuri Collins,2,8.0,1.0,1.5,2.0,0.0,1.0
1105,2025,Bryce McGowens,13,2.5,1.0,0.2,0.2,0.0,0.1
1106,2025,Luke Travers,12,7.3,1.0,1.7,0.7,0.1,0.1
1107,2025,Daniss Jenkins,7,3.3,1.0,0.3,0.4,0.0,0.0
1108,2025,Justin Minaya,19,5.3,0.9,0.5,0.4,0.1,0.3
1109,2025,Anton Watson,9,2.4,0.9,0.3,0.2,0.0,0.1
1110,2025,Isaiah Crawford,15,3.1,0.9,0.5,0.1,0.1,0.1
1111,2025,Harrison Ingram,5,7.0,0.8,1.8,0.6,0.0,0.6
1112,2025,Joe Ingles,19,6.0,0.8,0.6,1.2,0.0,0.1
1113,2025,PJ Dozier,9,3.9,0.8,0.6,0.6,0.0,0.1
1114,2025,D.J. Carton,4,8.3,0.8,1.0,0.8,0.0,0.5
1115,2025,Ulrich Chomche,7,4.6,0.7,1.1,0.3,0.1,0.0
1116,2025,Liam Robbins,13,4.4,0.7,0.9,0.2,0.2,0.2
1117,2025,Stanley Umude,22,3.9,0.7,0.8,0.2,0.3,0.1
1118,2025,James Johnson,12,3.1,0.7,0.5,0.3,0.2,0.0
1119,2025,Yongxi Cui,5,2.0,0.6,0.4,0.0,0.0,0.0
1120,2025,Tristen Newton,8,2.0,0.4,0.5,0.3,0.0,0.1
1121,2025,Daishen Nix,3,4.3,0.3,1.3,1.0,0.0,0.0
1122,2025,Malevy Leons,6,3.5,0.3,0.5,0.2,0.0,0.0
1123,2026,Luka Doncic,42,35.5,32.8,7.8,8.6,0.5,1.5
1124,2026,Shai Gilgeous-Alexander,49,33.3,31.8,4.4,6.4,0.8,1.3
1125,2026,Anthony Edwards,43,35.5,29.8,5.3,3.7,0.8,1.3
1126,2026,Jaylen Brown,47,34.3,29.5,7.0,4.7,0.4,1.0
1127,2026,Donovan Mitchell,49,33.8,28.9,4.6,5.9,0.3,1.5
1128,2026,Tyrese Maxey,50,38.9,28.8,4.2,6.9,0.8,2.0
1129,2026,Kawhi Leonard,38,32.8,27.7,6.2,3.7,0.6,2.0
1130,2026,Stephen Curry,39,31.3,27.2,3.5,4.8,0.4,1.1
1131,2026,Lauri Markkanen,39,35.0,27.1,6.9,2.1,0.5,1.0
1132,2026,Jalen Brunson,47,34.5,27.1,3.3,6.1,0.1,0.7
1133,2026,Jamal Murray,48,35.7,26.0,4.3,7.5,0.4,1.0
1134,2026,Kevin Durant,48,36.7,25.9,5.3,4.4,0.9,0.8
1135,2026,Deni Avdija,44,34.6,25.5,7.2,6.7,0.6,0.8
1136,2026,James Harden,45,35.4,25.4,4.8,8.1,0.4,1.3
1137,2026,Devin Booker,42,34.0,25.3,4.0,6.3,0.3,0.9
1138,2026,Cade Cunningham,45,35.0,25.1,5.5,9.7,0.8,1.4
1139,2026,Michael Porter Jr.,41,33.0,25.0,7.2,3.2,0.2,1.0
1140,2026,Victor Wembanyama,38,29.0,23.9,11.1,2.7,2.7,0.9
1141,2026,Keyonte George,48,33.9,23.8,3.9,6.5,0.3,1.1
1142,2026,Pascal Siakam,49,33.9,23.7,6.8,4.0,0.5,1.1
1143,2026,Jalen Johnson,49,35.7,23.4,10.6,8.2,0.5,1.3
1144,2026,Norman Powell,44,30.8,23.0,3.6,2.6,0.2,1.2
1145,2026,Trey Murphy III,50,35.9,22.2,5.8,3.7,0.3,1.5
1146,2026,Julius Randle,53,33.5,22.2,6.9,5.4,0.2,1.1
1147,2026,Brandon Ingram,51,34.2,22.2,5.9,3.7,0.8,0.8
1148,2026,Paolo Banchero,41,34.4,21.7,8.5,4.9,0.7,0.7
1149,2026,Zion Williamson,38,29.7,21.6,6.2,3.4,0.6,1.0
1150,2026,Shaedon Sharpe,48,30.0,21.4,4.4,2.6,0.1,1.4
1151,2026,Dillon Brooks,47,31.2,21.1,3.6,1.8,0.2,1.1
1152,2026,Alperen Sengun,44,34.0,20.8,9.4,6.3,1.0,1.4
1153,2026,Cooper Flagg,48,34.0,20.3,6.6,4.2,0.8,1.2
1154,2026,Nickeil Alexander-Walker,52,33.1,20.2,3.5,3.7,0.6,1.2
1155,2026,Jimmy Butler III,38,31.1,20.0,5.6,4.9,0.2,1.4
1156,2026,Karl-Anthony Towns,48,31.5,19.9,11.9,2.9,0.6,0.9
1157,2026,De'Aaron Fox,43,32.4,19.5,4.0,6.2,0.3,1.2
1158,2026,Desmond Bane,51,33.9,19.3,4.3,4.2,0.5,0.9
1159,2026,Jaren Jackson Jr.,46,30.6,19.3,5.7,1.9,1.5,1.1
1160,2026,Scottie Barnes,52,34.5,19.3,8.3,5.6,1.5,1.3
1161,2026,Zach LaVine,39,31.4,19.2,2.8,2.3,0.3,0.7
1162,2026,LaMelo Ball,43,27.6,19.1,4.8,7.5,0.2,1.1
1163,2026,Kon Knueppel,52,32.1,18.9,5.5,3.6,0.2,0.7
1164,2026,DeMar DeRozan,54,32.7,18.9,3.2,3.9,0.3,1.2
1165,2026,CJ McCollum,49,30.0,18.4,3.4,3.5,0.4,0.7
1166,2026,Miles Bridges,52,32.4,18.4,6.1,3.5,0.5,0.5
1167,2026,Bam Adebayo,45,31.2,18.1,9.8,2.7,0.7,1.0
1168,2026,Evan Mobley,42,33.4,17.9,8.8,4.0,2.0,0.9
1169,2026,Amen Thompson,50,37.2,17.8,7.6,5.5,0.6,1.4
1170,2026,Jalen Duren,43,27.9,17.7,10.5,1.7,0.8,0.9
1171,2026,Chet Holmgren,46,29.3,17.7,8.7,1.6,2.0,0.5
1172,2026,Andrew Nembhard,41,32.2,17.4,2.9,7.5,0.2,0.9
1173,2026,Derrick White,50,34.3,17.4,4.5,5.5,1.4,1.2
1174,2026,Alex Sarr,40,28.3,17.3,7.7,2.8,2.1,0.8
1175,2026,Payton Pritchard,51,32.7,17.3,4.2,5.3,0.1,0.7
1176,2026,Stephon Castle,42,30.8,17.1,5.2,7.0,0.3,1.4
1177,2026,Immanuel Quickley,50,32.5,17.1,4.4,6.1,0.1,1.3
1178,2026,Ryan Rollins,50,32.0,16.9,4.6,5.5,0.4,1.5
1179,2026,Nikola Vucevic,49,30.8,16.8,9.0,3.8,0.6,0.7
1180,2026,Saddiq Bey,47,30.5,16.7,5.8,2.5,0.0,1.0
1181,2026,OG Anunoby,41,33.0,16.6,5.5,2.4,0.7,1.7
1182,2026,Onyeka Okongwu,48,32.0,16.3,7.9,3.3,1.0,1.2
1183,2026,Anthony Black,51,31.2,15.9,4.0,4.1,0.7,1.4
1184,2026,Andrew Wiggins,48,31.4,15.8,4.9,2.8,1.0,1.2
1185,2026,Mikal Bridges,52,34.5,15.7,4.1,4.1,0.8,1.5
1186,2026,Jaime Jaquez Jr.,48,28.8,15.4,5.4,4.7,0.2,0.8
1187,2026,Russell Westbrook,51,29.4,15.3,5.8,6.7,0.2,1.3
1188,2026,Jabari Smith Jr.,50,35.0,15.2,6.9,1.9,1.0,0.8
1189,2026,Kyshawn George,41,30.5,15.1,5.5,4.9,0.9,1.1
1190,2026,Matas Buzelis,53,28.3,15.1,5.4,2.1,1.4,0.7
1191,2026,Jaden McDaniels,51,32.1,15.1,4.3,2.9,0.9,0.9
1192,2026,Ayo Dosunmu,45,26.4,15.0,3.0,3.6,0.3,0.8
1193,2026,VJ Edgecombe,48,35.5,15.0,5.4,4.2,0.5,1.5
1194,2026,Peyton Watson,49,30.7,14.9,4.9,2.0,1.2,1.0
1195,2026,Naji Marshall,51,29.5,14.7,5.0,3.0,0.1,1.0
1196,2026,Naz Reid,53,26.4,14.5,6.4,2.5,0.9,1.0
1197,2026,Ivica Zubac,43,30.9,14.4,11.0,2.2,0.8,0.4
1198,2026,Devin Vassell,39,31.1,14.4,3.9,2.4,0.4,0.8
1199,2026,Anfernee Simons,51,24.8,14.3,2.4,2.5,0.1,0.5
1200,2026,Jarrett Allen,41,27.2,14.3,8.1,2.0,0.9,1.0
1201,2026,Collin Sexton,43,22.5,14.3,1.9,3.7,0.2,0.8
1202,2026,Ajay Mitchell,43,26.3,14.1,3.5,3.7,0.3,1.4
1203,2026,P.J. Washington,37,30.7,14.1,7.1,1.9,1.4,1.0
1204,2026,Tim Hardaway Jr.,52,27.5,14.0,2.7,1.4,0.2,0.5
1205,2026,Santi Aldama,43,27.9,14.0,6.7,2.9,0.7,0.9
1206,2026,Jaylon Tyson,48,27.9,14.0,5.5,2.4,0.4,0.9
1207,2026,John Collins,48,27.7,13.8,5.0,0.9,0.8,0.8
1208,2026,De'Andre Hunter,45,26.1,13.7,4.1,2.0,0.1,0.7
1209,2026,Collin Gillespie,52,28.3,13.6,4.1,4.7,0.2,1.4
1210,2026,Cedric Coward,47,26.6,13.6,6.3,2.9,0.4,0.6
1211,2026,Keldon Johnson,52,23.8,13.5,5.9,1.4,0.2,0.7
1212,2026,Deandre Ayton,45,28.2,13.4,8.4,0.9,1.0,0.6
1213,2026,Bobby Portis,48,24.5,13.4,6.7,1.7,0.2,0.5
1214,2026,Max Christie,48,29.6,13.3,3.4,2.2,0.3,0.5
1215,2026,Donte DiVincenzo,53,31.4,13.2,4.5,4.2,0.5,1.4
1216,2026,Jeremiah Fears,54,25.4,13.1,3.6,3.0,0.3,1.2
1217,2026,Kyle Kuzma,47,26.9,13.0,5.0,2.6,0.4,0.6
1218,2026,Tre Johnson,39,25.1,12.9,2.7,2.2,0.3,0.6
1219,2026,Myles Turner,48,28.5,12.9,5.6,1.6,1.6,0.7
1220,2026,Toumani Camara,53,33.7,12.8,5.3,2.6,0.5,1.0
1221,2026,Noah Clowney,46,28.4,12.8,4.2,1.8,0.8,0.8
1222,2026,Brandon Williams,44,21.9,12.7,2.9,3.6,0.2,1.0
1223,2026,Quentin Grimes,48,29.9,12.7,3.8,3.6,0.4,0.9
1224,2026,Dennis Schroder,42,26.0,12.6,3.0,5.3,0.1,0.8
1225,2026,Reed Sheppard,51,24.6,12.5,2.5,3.0,0.5,1.4
1226,2026,Malik Monk,43,22.2,12.4,2.0,2.6,0.4,0.7
1227,2026,Tre Jones,38,26.8,12.4,3.0,5.8,0.2,1.3
1228,2026,Derik Queen,53,26.0,12.3,7.3,4.3,0.9,1.0
1229,2026,Mark Williams,48,24.2,12.2,8.2,1.1,1.0,1.0
1230,2026,Nic Claxton,49,29.2,12.2,7.2,4.0,1.3,0.7
1231,2026,Duncan Robinson,49,28.3,12.1,2.7,1.8,0.3,0.7
1232,2026,Brice Sensabaugh,50,21.6,12.1,2.9,1.6,0.1,0.7
1233,2026,Josh Hart,40,30.5,12.1,7.6,5.1,0.3,1.2
1234,2026,Rui Hachimura,41,29.7,12.1,3.5,0.9,0.3,0.5
1235,2026,Jaylen Wells,50,26.9,12.0,3.5,1.7,0.1,0.8
1236,2026,Cam Spencer,49,24.2,12.0,2.7,5.6,0.1,0.7
1237,2026,Wendell Carter Jr.,49,29.6,11.9,7.3,2.1,0.7,0.8
1238,2026,Brandin Podziemski,53,26.6,11.9,4.6,3.5,0.2,1.1
1239,2026,Klay Thompson,48,22.1,11.6,2.4,1.4,0.3,0.5
1240,2026,Ace Bailey,46,25.8,11.5,3.7,1.6,0.5,0.8
1241,2026,Jock Landale,47,23.6,11.5,6.4,1.7,0.6,0.5
1242,2026,Julian Champagnie,52,28.3,11.4,6.0,1.4,0.4,0.8
1243,2026,Dyson Daniels,52,33.8,11.4,6.5,6.2,0.4,1.9
1244,2026,Donovan Clingan,49,27.5,11.4,11.5,2.0,1.3,0.5
1245,2026,Sandro Mamukelashvili,51,22.7,11.4,5.1,2.0,0.6,0.8
1246,2026,Moses Moody,51,24.9,11.4,3.3,1.4,0.6,0.9
1247,2026,Caleb Love,44,22.4,11.3,2.6,2.7,0.1,0.6
1248,2026,Kel'el Ware,49,22.3,11.1,9.1,0.6,1.0,0.8
1249,2026,Jusuf Nurkic,39,26.5,11.0,10.3,4.9,0.5,1.3
1250,2026,Aaron Wiggins,38,24.1,10.9,3.4,1.8,0.6,1.0
1251,2026,Zaccharie Risacher,40,24.4,10.9,3.5,1.4,0.6,0.9
1252,2026,Rudy Gobert,51,31.4,10.7,11.4,1.7,1.7,0.8
1253,2026,Egor Demin,45,24.8,10.7,3.1,3.3,0.3,0.8
1254,2026,Dylan Harper,41,21.4,10.7,3.3,3.5,0.4,0.9
1255,2026,Harrison Barnes,52,28.0,10.6,2.9,2.1,0.2,0.6
1256,2026,Kevin Huerter,46,22.8,10.6,3.7,2.6,0.6,0.8
1257,2026,AJ Green,46,30.0,10.5,2.6,2.0,0.1,0.5
1258,2026,Ausar Thompson,47,25.8,10.4,6.0,2.7,0.9,1.9
1259,2026,Royce O'Neale,53,29.6,10.3,4.9,2.9,0.3,1.2
1260,2026,Marvin Bagley III,39,19.4,10.3,5.8,1.5,0.8,0.5
1261,2026,Pelle Larsson,45,23.9,10.2,3.3,3.3,0.2,0.6
1262,2026,Jarace Walker,52,23.8,10.2,4.4,2.0,0.3,0.8
1263,2026,Isaiah Collier,45,25.1,10.2,2.6,7.2,0.3,0.9
1264,2026,Jalen Smith,43,20.2,10.2,6.9,1.3,0.8,0.4
1265,2026,Isaiah Stewart,47,23.5,10.1,5.3,1.2,1.7,0.3
1266,2026,Bub Carrington,51,28.1,10.1,3.6,4.6,0.2,0.6
1267,2026,Isaiah Joe,44,20.9,10.0,2.5,1.4,0.2,0.6
1268,2026,Neemias Queta,49,25.3,9.9,8.4,1.5,1.3,0.9
1269,2026,Maxime Raynaud,46,23.1,9.7,6.4,1.0,0.5,0.5
1270,2026,Marcus Smart,42,28.5,9.6,3.0,2.8,0.4,1.2
1271,2026,Kyle Filipowski,52,22.2,9.6,6.6,2.0,0.4,0.7
1272,2026,T.J. McConnell,38,17.1,9.5,2.2,4.8,0.2,1.2
1273,2026,Ziaire Williams,36,22.8,9.4,2.5,0.8,0.5,1.1
1274,2026,Jordan Clarkson,48,19.4,9.4,1.8,1.4,0.1,0.4
1275,2026,Jake LaRavia,51,27.1,9.3,4.1,2.0,0.5,1.4
1276,2026,Davion Mitchell,43,29.0,9.1,2.5,7.2,0.1,1.2
1277,2026,Jonas Valanciunas,41,14.6,9.0,5.2,1.3,0.7,0.2
1278,2026,Sam Hauser,50,24.1,9.0,3.8,1.4,0.3,0.6
1279,2026,Vit Krejci,49,22.3,9.0,2.0,1.5,0.3,0.8
1280,2026,Svi Mykhailiuk,44,24.0,8.9,2.5,1.9,0.1,0.5
1281,2026,Isaac Okoro,45,25.8,8.8,2.6,1.5,0.5,0.6
1282,2026,Tristan da Silva,46,22.5,8.8,3.3,1.2,0.3,0.8
1283,2026,Jordan Goodwin,50,22.0,8.7,4.8,2.2,0.2,1.5
1284,2026,Luguentz Dort,42,27.7,8.7,3.9,1.2,0.5,0.9
1285,2026,Simone Fontecchio,50,17.3,8.5,3.2,1.5,0.2,0.5
1286,2026,Gary Trent Jr.,46,24.0,8.5,1.1,1.5,0.1,0.6
1287,2026,Jay Huff,52,19.6,8.5,3.8,1.3,1.9,0.5
1288,2026,Dominick Barlow,42,23.8,8.4,5.0,1.2,0.6,1.0
1289,2026,Moussa Diabate,49,25.3,8.4,8.7,1.6,1.0,0.7
1290,2026,Ryan Kalkbrenner,41,23.0,8.4,6.0,0.7,1.5,0.6
1291,2026,Day'Ron Sharpe,49,18.3,8.3,6.6,2.3,0.4,1.1
1292,2026,Kentavious Caldwell-Pope,49,21.2,8.3,2.5,2.8,0.2,0.8
1293,2026,Draymond Green,44,26.7,8.3,5.6,5.2,0.7,0.8
1294,2026,Cason Wallace,50,26.7,8.2,3.0,2.1,0.2,2.1
1295,2026,Daniss Jenkins,42,16.8,8.2,1.8,3.3,0.2,0.9
1296,2026,Ronald Holland II,49,20.7,8.1,4.3,1.4,0.4,1.4
1297,2026,Danny Wolf,37,19.9,8.1,4.6,2.0,0.4,0.5
1298,2026,Buddy Hield,44,17.5,8.0,2.5,1.5,0.2,0.8
1299,2026,Collin Murray-Boyles,42,22.5,8.0,5.1,2.1,0.9,0.9
1300,2026,Luka Garza,43,16.9,8.0,4.3,1.1,0.5,0.4
1301,2026,Luke Kennard,47,20.6,8.0,2.1,2.1,0.1,0.7
1302,2026,Nikola Jovic,41,18.2,8.0,3.6,2.4,0.4,0.6
1303,2026,Jose Alvarado,41,21.9,7.9,2.8,3.1,0.1,0.9
1304,2026,Kris Dunn,51,27.3,7.8,2.9,3.3,0.2,1.5
1305,2026,Quinten Post,53,17.3,7.7,3.9,1.3,0.5,0.4
1306,2026,Terance Mann,44,25.3,7.6,3.3,3.5,0.2,0.8
1307,2026,Bruce Brown,53,24.8,7.6,4.0,2.2,0.3,1.1
1308,2026,Justin Champagnie,48,19.1,7.6,5.7,1.1,0.6,0.8
1309,2026,Luke Kornet,42,23.4,7.5,6.8,2.0,1.2,0.5
1310,2026,Tyrese Martin,37,18.8,7.3,2.9,1.9,0.1,0.6
1311,2026,Bones Hyland,44,14.8,7.2,1.7,2.6,0.2,0.6
1312,2026,Precious Achiuwa,46,20.3,7.2,5.5,1.2,0.5,0.8
1313,2026,Javonte Green,51,18.6,7.1,2.8,0.7,0.3,1.4
1314,2026,Kobe Sanders,43,21.5,7.0,2.5,1.7,0.1,0.6
1315,2026,Will Riley,43,16.2,7.0,2.2,1.4,0.1,0.6
1316,2026,Jamal Shead,53,22.3,7.0,1.9,5.5,0.2,1.0
1317,2026,Andre Drummond,38,19.8,6.9,8.8,0.8,0.9,0.6
1318,2026,Walter Clayton Jr.,47,18.3,6.9,2.0,3.3,0.3,0.6
1319,2026,Patrick Williams,49,18.9,6.8,3.0,1.2,0.3,0.6
1320,2026,Cole Anthony,35,15.1,6.7,2.5,3.5,0.3,0.6
1321,2026,Will Richard,48,19.2,6.7,2.4,1.4,0.1,1.2
1322,2026,Brook Lopez,44,17.8,6.7,2.7,0.9,1.0,0.5
1323,2026,Ryan Nembhard,38,18.8,6.7,1.8,4.9,0.0,0.3
1324,2026,Sidy Cissoko,48,22.2,6.6,2.5,1.6,0.3,0.8
1325,2026,Jared McCain,38,16.7,6.6,2.0,1.7,0.1,0.6
1326,2026,Nae'Qwan Tomlin,42,17.2,6.5,3.1,1.0,0.6,0.8
1327,2026,Nique Clifford,50,20.6,6.5,3.0,1.5,0.3,0.6
1328,2026,Gradey Dick,53,16.1,6.5,2.2,0.7,0.1,0.6
1329,2026,Jaxson Hayes,42,17.4,6.4,3.8,0.8,0.6,0.4
1330,2026,Isaiah Jackson,38,16.8,6.4,5.6,0.8,0.8,0.7
1331,2026,Dru Smith,52,17.4,6.3,2.6,2.8,0.3,1.5
1332,2026,Ja'Kobe Walter,43,18.2,6.3,2.1,0.9,0.1,0.9
1333,2026,Ben Sheppard,41,21.4,6.2,3.0,1.7,0.1,0.5
1334,2026,Jaylin Williams,38,19.2,6.1,5.0,2.5,0.6,0.6
1335,2026,Drake Powell,40,19.0,6.0,1.6,1.6,0.2,0.5
1336,2026,Ryan Dunn,46,19.5,6.0,4.1,1.5,0.4,0.9
1337,2026,Spencer Jones,46,23.6,6.0,3.1,0.8,0.4,0.9
1338,2026,Goga Bitadze,42,16.0,5.9,5.0,1.2,1.2,0.7
1339,2026,Cody Williams,39,19.3,5.8,2.3,0.9,0.4,0.6
1340,2026,Dean Wade,43,22.8,5.8,4.1,1.6,0.4,0.8
1341,2026,Paul Reed,36,12.1,5.7,4.3,1.2,0.6,0.8
1342,2026,Sion James,53,24.1,5.7,3.5,1.9,0.3,0.6
1343,2026,Keon Ellis,45,17.6,5.6,1.4,0.6,0.5,1.1
1344,2026,Yves Missi,46,19.2,5.6,5.7,1.2,1.4,0.3
1345,2026,Jordan Walsh,46,18.3,5.5,4.3,0.8,0.5,0.8
1346,2026,Oso Ighodaro,53,20.0,5.4,4.5,1.8,0.6,0.9
1347,2026,Gui Santos,42,13.9,5.4,2.8,1.4,0.3,0.6
1348,2026,Josh Okogie,51,19.8,5.3,2.9,0.9,0.2,0.9
1349,2026,Jase Richardson,37,12.1,5.1,1.3,1.2,0.1,0.3
1350,2026,Gary Payton II,48,12.8,5.1,3.2,1.5,0.3,0.6
1351,2026,Jarred Vanderbilt,42,19.4,5.1,5.1,1.4,0.4,1.0
1352,2026,Tyler Kolek,45,13.8,5.0,1.9,3.1,0.1,0.4
1353,2026,Noah Penda,36,13.9,5.0,3.8,1.2,0.4,0.6
1354,2026,Tyrese Proctor,38,10.5,4.9,1.1,1.4,0.0,0.4
1355,2026,Craig Porter Jr.,47,18.1,4.9,3.5,3.2,0.6,1.0
1356,2026,Mitchell Robinson,37,19.9,4.8,8.9,1.0,1.1,0.8
1357,2026,Mouhamed Gueye,51,16.4,4.8,3.6,1.0,0.5,0.8
1358,2026,Karlo Matkovic,41,12.8,4.7,3.1,0.7,0.7,0.4
1359,2026,Justin Edwards,39,14.0,4.6,1.4,1.1,0.2,0.6
1360,2026,Dalton Knecht,41,11.5,4.6,1.4,0.3,0.2,0.2
1361,2026,Micah Peavy,45,15.3,4.4,2.0,1.0,0.1,0.7
1362,2026,Mike Conley,44,18.5,4.4,1.8,2.9,0.3,0.6
1363,2026,Nicolas Batum,50,19.6,4.4,2.6,0.8,0.4,0.7
1364,2026,Ochai Agbaji,42,15.5,4.3,2.3,0.7,0.3,0.4
1365,2026,Zeke Nnaji,39,12.8,4.2,2.8,0.5,0.5,0.3
1366,2026,Adem Bona,43,16.2,4.1,4.0,0.2,1.3,0.3
1367,2026,Tony Bradley,38,10.9,4.0,2.8,0.5,0.2,0.2
1368,2026,Hugo Gonzalez,47,15.4,3.9,3.4,0.6,0.3,0.6
1369,2026,Keaton Wallace,40,11.2,3.9,1.2,2.0,0.1,0.5
1370,2026,Clint Capela,45,11.7,3.8,4.6,0.6,0.7,0.5
1371,2026,Jaylen Clark,50,13.9,3.8,1.9,0.6,0.2,0.7
1372,2026,Jabari Walker,45,12.1,3.7,3.1,0.5,0.2,0.4
1373,2026,Cam Christie,36,10.1,3.6,1.6,0.6,0.1,0.3
1374,2026,Baylor Scheierman,47,13.9,3.6,2.5,0.9,0.1,0.6
1375,2026,Caleb Martin,45,14.1,3.5,2.5,1.6,0.2,0.7
1376,2026,Guerschon Yabusele,43,9.9,3.2,2.3,0.5,0.2,0.2
1377,2026,Jericho Sims,36,14.7,3.1,4.0,0.8,0.2,0.2
1378,2026,Tyus Jones,49,15.7,3.0,1.1,2.5,0.1,0.7
1379,2026,Carter Bryant,41,8.8,3.0,1.9,0.2,0.2,0.2
1380,2026,Dwight Powell,38,14.1,2.9,3.7,1.0,0.3,0.5
1381,2026,Rayan Rupert,45,12.1,2.9,1.8,0.8,0.0,0.6
1382,2026,Jonathan Isaac,43,10.1,2.8,2.5,0.4,0.6,0.4
1383,2026,Gary Harris,36,14.8,2.6,1.5,1.1,0.1,0.6
1384,2026,Mohamed Diawara,42,6.0,2.3,1.0,0.5,0.1,0.2
1385,2026,Nikola Jokic,37,34.4,28.9,12.2,10.7,0.8,1.4
1386,2026,Giannis Antetokounmpo,30,29.2,28.0,10.0,5.6,0.7,0.9
1387,2026,LeBron James,34,33.2,21.8,5.7,6.8,0.6,1.1
1388,2026,Brandon Miller,36,30.2,20.3,4.7,3.3,0.9,1.0
1389,2026,Jerami Grant,37,29.1,19.1,3.5,2.5,0.6,0.6
1390,2026,Josh Giddey,34,32.1,18.6,8.6,8.8,0.3,0.9
1391,2026,Grayson Allen,35,30.3,17.0,3.0,4.0,0.3,1.4
1392,2026,Jalen Suggs,31,26.4,14.2,4.1,5.2,0.7,1.8
1393,2026,Tobias Harris,35,27.6,13.5,4.7,2.4,0.2,0.9
1394,2026,Miles McBride,35,28.0,12.9,2.6,2.8,0.2,0.9
1395,2026,Khris Middleton,34,24.3,10.3,3.9,3.3,0.3,0.8
1396,2026,Bilal Coulibaly,31,26.6,9.7,4.6,2.6,0.9,1.4
1397,2026,Corey Kispert,33,20.0,9.7,2.2,1.6,0.1,0.4
1398,2026,GG Jackson,31,18.2,8.7,3.5,1.1,0.6,0.7
1399,2026,Jaden Ivey,35,17.7,8.4,2.3,1.7,0.3,0.6
1400,2026,Daniel Gafford,36,21.4,8.3,6.6,0.9,1.3,0.8
1401,2026,Caris LeVert,34,19.6,7.8,1.8,2.9,0.6,0.9
1402,2026,Vince Williams Jr.,35,21.3,7.8,3.9,4.3,0.4,0.8
1403,2026,Al Horford,32,20.3,7.4,4.8,2.3,1.1,0.8
1404,2026,Tristan Vukcevic,32,11.7,7.3,2.4,1.1,0.7,0.3
1405,2026,Tre Mann,32,16.1,7.3,2.3,2.2,0.1,0.4
1406,2026,Kenrich Williams,33,16.1,6.9,3.4,1.6,0.1,0.6
1407,2026,Jaden Hardy,34,12.6,6.9,1.4,0.9,0.1,0.3
1408,2026,Robert Williams III,36,16.5,6.4,6.5,1.1,1.4,0.6
1409,2026,Alex Caruso,34,18.5,6.1,2.7,2.1,0.4,1.4
1410,2026,Kris Murray,34,25.7,6.1,4.0,1.2,0.4,1.2
1411,2026,Pat Spencer,37,14.8,6.0,2.2,3.0,0.1,0.6
1412,2026,Steven Adams,32,22.8,5.8,8.6,1.5,0.6,0.7
1413,2026,Josh Minott,33,15.9,5.8,3.6,1.0,0.4,0.7
1414,2026,Aaron Holiday,35,13.3,5.7,0.9,1.0,0.1,0.5
1415,2026,Jalen Pickett,37,18.1,5.6,2.7,2.7,0.1,0.4
1416,2026,Jalen Wilson,33,14.5,5.5,1.5,0.6,0.1,0.3
1417,2026,Asa Newell,37,11.1,5.3,2.1,0.5,0.4,0.4
1418,2026,Thomas Bryant,37,10.2,5.2,2.8,0.6,0.4,0.2
1419,2026,Johnny Furphy,34,18.5,5.2,4.4,1.1,0.2,0.6
1420,2026,Taylor Hendricks,35,15.3,5.0,3.0,0.7,0.2,0.4
1421,2026,Branden Carlson,34,11.0,4.9,2.6,0.6,0.5,0.2
1422,2026,Jett Howard,32,10.6,4.8,1.3,0.8,0.1,0.2
1423,2026,Lonzo Ball,35,20.8,4.6,4.0,3.9,0.3,1.3
1424,2026,Jordan Hawkins,35,14.1,4.3,1.8,0.7,0.2,0.2
1425,2026,Trayce Jackson-Davis,36,11.4,4.2,3.1,0.9,0.5,0.4
1426,2026,Rob Dillingham,36,9.7,3.6,1.2,1.7,0.1,0.6
1427,2026,Dalen Terry,34,11.1,3.5,1.9,1.3,0.3,0.6
1428,2026,Yanic Konan Niederhauser,31,8.5,3.5,2.1,0.3,0.5,0.1
1429,2026,Jamison Battle,37,8.6,3.2,1.4,0.4,0.1,0.1
1430,2026,Kobe Brown,34,8.7,2.9,1.6,0.8,0.1,0.3
1431,2026,Duop Reath,32,8.1,2.9,1.2,0.3,0.3,0.2
1432,2026,Julian Phillips,35,9.5,2.8,1.3,0.2,0.2,0.5
1433,2026,Jae'Sean Tate,31,8.2,2.6,1.5,0.5,0.1,0.2
1434,2026,Chris Youngblood,32,5.4,2.0,0.9,0.3,0.1,0.1
1435,2026,Ariel Hukporti,36,9.1,2.0,2.9,0.5,0.6,0.1
